,B1_toa,B2_toa,B3_toa,B4_toa,B5_toa,B6_toa,B7_toa,B8_toa,B9_toa,B10_toa,B11_toa,DateTimeStamp
0,0.11150214076042175,0.08777278661727905,0.06516247242689133,0.048835985362529755,0.11824506521224976,0.05982551723718643,0.027947263792157173,0.056898798793554306,0.00045908696483820677,294.3241271972656,292.9983215332031,2014/10/17
1,0.11578942835330963,0.09082233160734177,0.06781521439552307,0.05062771961092949,0.0944407507777214,0.07158440351486206,0.040707219392061234,0.05858824402093887,0.0008744454244151711,291.5140075683594,289.9468688964844,2017/10/25
2,0.11006247997283936,0.08563826978206635,0.06506609916687012,0.04784354194998741,0.17976221442222595,0.05390074476599693,0.023000625893473625,0.06269346177577972,0.0009490495431236923,295.5477600097656,294.3902282714844,2018/10/12
3,0.12677820026874542,0.10470092296600342,0.0823529064655304,0.0692591443657875,0.13583554327487946,0.10659607499837875,0.07233568280935287,0.0842972844839096,0.0009598766337148845,288.5970458984375,286.4702453613281,2013/04/02
4,0.11390045285224915,0.0891433134675026,0.06579415500164032,0.04904495179653168,0.1252817064523697,0.06998879462480545,0.03270640969276428,0.05714089050889015,0.000557323161046952,294.437255859375,293.0562744140625,2014/10/17
5,0.11645171791315079,0.09108422696590424,0.06329935789108276,0.049779973924160004,0.0922183021903038,0.08141472935676575,0.045303355902433395,0.05941962078213692,0.0008356291218660772,289.8976745605469,288.6019287109375,2015/10/20
6,0.12787286937236786,0.10091675072908401,0.06975244730710983,0.057127926498651505,0.09468388557434082,0.07058614492416382,0.04208172485232353,0.06411508470773697,0.0013100836658850312,284.0905456542969,283.309814453125,2013/12/17
7,0.11917596310377121,0.09739924222230911,0.07402341812849045,0.0638473778963089,0.06335311383008957,0.07762864977121353,0.05079297348856926,0.06687112152576447,0.0016572350868955255,286.9364013671875,286.3176574707031,2018/03/02
8,0.11862317472696304,0.09300081431865692,0.06969652324914932,0.052511923015117645,0.10987634211778641,0.07853608578443527,0.044908665120601654,0.06033153459429741,0.000927220331504941,291.5946960449219,290.0328674316406,2017/10/25
9,0.11277024447917938,0.08801093697547913,0.06743990629911423,0.049091238528490067,0.18887163698673248,0.0653030276298523,0.027010150253772736,0.06743990629911423,0.0009402212454006076,295.5502014160156,294.4017028808594,2018/10/12
10,0.1278209686279297,0.10157272219657898,0.07561613619327545,0.05787868797779083,0.09579280763864517,0.06660158932209015,0.031736500561237335,0.06930594891309738,0.0005567754851654172,296.2999267578125,293.87896728515625,2019/09/29
11,0.10982328653335571,0.08508952707052231,0.06277536600828171,0.042692624032497406,0.13528293371200562,0.06172686815261841,0.025594064965844154,0.055650968104600906,0.0011291448026895523,294.71221923828125,293.56494140625,2020/10/01
12,0.1241312026977539,0.09776081144809723,0.06634902209043503,0.05718284472823143,0.06109609827399254,0.0637754425406456,0.043962396681308746,0.060144226998090744,0.002644082996994257,277.46881103515625,277.0882873535156,2015/02/06
13,0.12582476437091827,0.10350365191698074,0.07895313948392868,0.07057932019233704,0.10070331394672394,0.09961580485105515,0.06410863995552063,0.08080190420150757,0.00568222813308239,280.4664001464844,280.00262451171875,2017/03/15
14,0.13102884590625763,0.10324587672948837,0.072348952293396,0.05617254599928856,0.11715758591890335,0.07315777242183685,0.03659909963607788,0.06074238196015358,0.0012536629801616073,281.8658447265625,281.3468322753906,2016/12/09
15,0.13240505754947662,0.10423288494348526,0.07189470529556274,0.05923166498541832,0.10101556777954102,0.08228912204504013,0.04953845962882042,0.06558381021022797,0.0014024128904566169,284.2067565917969,283.394287109375,2013/12/17
16,0.1182541698217392,0.0984668880701065,0.0847611203789711,0.07002685964107513,0.14664947986602783,0.10128405690193176,0.06278269737958908,0.07610837370157242,0.0006483923643827438,295.9341735839844,294.15496826171875,2017/05/02
17,0.12106429040431976,0.09852966666221619,0.07460145652294159,0.06454983353614807,0.06926430761814117,0.08954547345638275,0.05983534827828407,0.06867129355669022,0.0017493924824520946,286.9311218261719,286.3329162597656,2018/03/02
18,0.13444139063358307,0.1065119281411171,0.07702450454235077,0.060988813638687134,0.11536575853824615,0.08724630624055862,0.04491512477397919,0.06756268441677094,0.0016339607536792755,287.24908447265625,286.5860900878906,2017/11/26
19,0.1300814300775528,0.10310348123311996,0.07407006621360779,0.059131257236003876,0.10820543766021729,0.07113369554281235,0.03751219063997269,0.0654444694519043,0.0015048851491883397,287.10992431640625,286.4732971191406,2017/11/26
20,0.11455198377370834,0.09118245542049408,0.07396522909402847,0.058905888348817825,0.13121826946735382,0.0829181894659996,0.04997588321566582,0.06919031590223312,0.0008723351638764143,293.034912109375,291.29827880859375,2019/04/22
21,0.12010149657726288,0.09790071099996567,0.07576781511306763,0.06162358447909355,0.1322994828224182,0.07364052534103394,0.04548784717917442,0.07472680509090424,0.0006336570368148386,291.7609558105469,290.4797058105469,2014/04/24
22,0.12867434322834015,0.10249464213848114,0.07489291578531265,0.06231353059411049,0.11029750853776932,0.11882961541414261,0.06796513497829437,0.07449183613061905,0.000984466401860118,282.68316650390625,281.9689025878906,2019/02/01
23,0.12874899804592133,0.10072173923254013,0.06970389187335968,0.05532602593302727,0.08956451714038849,0.059888601303100586,0.03661562502384186,0.06195901334285736,0.0002683791390154511,277.59002685546875,276.9792785644531,2016/01/24
24,0.1203780546784401,0.09283992648124695,0.06628048419952393,0.04863043501973152,0.11332478374242783,0.06604424864053726,0.030744150280952454,0.05743858590722084,0.0009786766022443771,288.83258056640625,287.8501892089844,2016/11/07
25,0.11346226185560226,0.09040989726781845,0.07293839752674103,0.057972583919763565,0.12081988155841827,0.07783588767051697,0.0476309135556221,0.06728920340538025,0.0007972609018906951,292.8531188964844,291.1719970703125,2019/04/22
26,0.14056925475597382,0.11058221012353897,0.07573132961988449,0.05816519632935524,0.09229253232479095,0.06938018649816513,0.03469008952379227,0.06652618944644928,0.0008039338863454759,286.48016357421875,285.4166259765625,2016/12/25
27,0.11898650974035263,0.09335670620203018,0.07276470214128494,0.05519537627696991,0.19486835598945618,0.07270172983407974,0.02981746569275856,0.07342591136693954,0.0008816084591671824,289.1733093261719,287.83209228515625,2018/10/28
28,0.1243748590350151,0.09648209810256958,0.06510727852582932,0.0490027479827404,0.09677227586507797,0.05437092483043671,0.029670054093003273,0.05817943066358566,0.0010518652852624655,285.0379638671875,284.21722412109375,2020/11/18
29,0.114048071205616,0.08821497857570648,0.06429433077573776,0.048691265285015106,0.1445256471633911,0.05391252413392067,0.026258068159222603,0.05618923529982567,0.0007892539142630994,290.38812255859375,288.6648864746094,2016/10/22
30,0.13379603624343872,0.10461170226335526,0.06943987309932709,0.05388744920492172,0.05848162993788719,0.06138123199343681,0.03588730841875076,0.061268262565135956,0.0004895360907539725,283.98504638671875,283.36614990234375,2015/01/21
31,0.12691450119018555,0.09991887211799622,0.07066386938095093,0.05551047995686531,0.11277393251657486,0.0618601031601429,0.0313975028693676,0.059912364929914474,0.0011296792654320598,281.8741149902344,281.3691101074219,2016/12/09
32,0.11534357815980911,0.08974436670541763,0.06414514780044556,0.0466964915394783,0.1224936991930008,0.05575919896364212,0.024010291323065758,0.05817199870944023,0.0005296329618431628,291.1627502441406,290.02691650390625,2020/10/17
33,0.11526835709810257,0.09110690653324127,0.0668998658657074,0.05023758113384247,0.09557449817657471,0.05529781058430672,0.026577593758702278,0.06179405003786087,0.0009117483859881759,296.6596984863281,294.2525634765625,2014/08/14
34,0.1257864534854889,0.09997206926345825,0.07374048233032227,0.05624406412243843,0.0911586731672287,0.0614851675927639,0.02917807176709175,0.06662196666002274,0.0005214975099079311,296.2442932128906,293.8674621582031,2019/09/29
35,0.11683611571788788,0.09008575975894928,0.06389269977807999,0.04720650985836983,0.10155956447124481,0.06287644803524017,0.028750071302056313,0.05543486773967743,0.0010162447579205036,288.783447265625,287.8230285644531,2016/11/07
36,0.1213596761226654,0.09958652406930923,0.07726619392633438,0.061899587512016296,0.13661228120326996,0.09593866765499115,0.05629100650548935,0.0789533257484436,0.0006383705767802894,291.8993225097656,290.5741882324219,2014/04/24
37,0.11630035936832428,0.09417759627103806,0.07434942573308945,0.06322569400072098,0.08509904146194458,0.057165004312992096,0.03189966455101967,0.06990990787744522,0.0009726979769766331,292.4510498046875,291.4039001464844,2016/03/28
38,0.10787146538496017,0.08348611742258072,0.060527436435222626,0.04142602160573006,0.12736918032169342,0.05796473100781441,0.023830527439713478,0.05323560908436775,0.0010567811550572515,294.6778869628906,293.5245361328125,2020/10/01
39,0.11332657188177109,0.09001923352479935,0.06924381852149963,0.05183678865432739,0.1357070505619049,0.05638070032000542,0.02495761401951313,0.06031423807144165,0.00033909353078342974,296.2587890625,292.4205322265625,2018/08/09
40,0.12165903300046921,0.09994430840015411,0.0837702602148056,0.06769052147865295,0.14462335407733917,0.09600689262151718,0.052671756595373154,0.07681494951248169,0.0008252019179053605,290.9525146484375,289.5279235839844,2016/04/13
41,0.11604545265436172,0.09361573308706284,0.07179774343967438,0.05478287488222122,0.10458137094974518,0.10183996707201004,0.060628194361925125,0.06728914380073547,0.002288279589265585,291.3675842285156,289.6409606933594,2015/04/27
42,0.12201616168022156,0.10256337374448776,0.08563105016946793,0.07240401208400726,0.13922853767871857,0.08916400372982025,0.048319604247808456,0.08071938157081604,0.0017449302831664681,298.68170166015625,295.63140869140625,2019/06/25
43,0.12480312585830688,0.10200440883636475,0.08317800611257553,0.0691906213760376,0.1290884166955948,0.09220601618289948,0.05609399452805519,0.08187797665596008,0.0006500114686787128,288.933349609375,287.44537353515625,2013/04/07
44,0.1101832389831543,0.0858851820230484,0.06425751000642776,0.04388083145022392,0.10491465032100677,0.036230552941560745,0.017513837665319443,0.05610202997922897,0.0011306965025141835,295.8516540527344,293.71197509765625,2016/09/04
45,0.11733011156320572,0.09788619726896286,0.08433101326227188,0.06999807804822922,0.13746289908885956,0.09653068333864212,0.060731664299964905,0.0756201446056366,0.0007333087851293385,295.8735046386719,294.08026123046875,2017/05/02
46,0.12225517630577087,0.10103832185268402,0.08318541944026947,0.06415513157844543,0.12859860062599182,0.07073883712291718,0.038733355700969696,0.07410278171300888,0.0008409800939261913,292.6160583496094,291.2454528808594,2020/04/08
47,0.12842944264411926,0.10105863213539124,0.0715908631682396,0.05536703020334244,0.11121232062578201,0.09215576201677322,0.05190889164805412,0.0637548640370369,0.001177232014015317,288.4881591796875,287.6932373046875,2015/11/21
48,0.12058740109205246,0.09490643441677094,0.06456243246793747,0.05561352148652077,0.055956389755010605,0.05852791666984558,0.041281551122665405,0.05770502984523773,0.0022629357408732176,277.4976806640625,277.0981750488281,2015/02/06
49,0.1301225870847702,0.10711196064949036,0.08319466561079025,0.07828614860773087,0.08272569626569748,0.07800476998090744,0.04514584317803383,0.08616478741168976,0.0005002247053198516,284.48992919921875,283.5162353515625,2014/02/19
50,0.1277356892824173,0.10435618460178375,0.0851571187376976,0.06586958467960358,0.1434178650379181,0.06664373725652695,0.03496971353888512,0.0764644593000412,0.00046448895591311157,296.825927734375,294.6250915527344,2014/07/29
51,0.11544464528560638,0.08978133648633957,0.06352807581424713,0.04666054993867874,0.11844808608293533,0.0535791851580143,0.02448337711393833,0.05800389125943184,0.0009385690209455788,295.662109375,293.8501892089844,2014/10/01
52,0.1242251992225647,0.10230782628059387,0.07841013371944427,0.07035502791404724,0.09898944944143295,0.08667932450771332,0.05676037073135376,0.07918620854616165,0.005031088832765818,280.463623046875,280.00262451171875,2017/03/15
53,0.11911210417747498,0.09294919669628143,0.07410674542188644,0.05124320462346077,0.19667287170886993,0.061089735478162766,0.025183402001857758,0.06539437174797058,0.00041241501457989216,296.8524169921875,294.587890625,2018/09/26
54,0.1135716363787651,0.08826906979084015,0.062202148139476776,0.04583454877138138,0.1160755380988121,0.047495029866695404,0.021770749241113663,0.05658813938498497,0.0009224842651747167,295.5599365234375,293.8214111328125,2014/10/01
55,0.13573631644248962,0.1076955795288086,0.07638408243656158,0.061067380011081696,0.1191033348441124,0.10785513371229172,0.05991065129637718,0.07040099799633026,0.0011966096935793757,282.29046630859375,281.73443603515625,2019/01/16
56,0.13831648230552673,0.1083407774567604,0.07213634997606277,0.05633097141981125,0.06559619307518005,0.0691387727856636,0.04142097383737564,0.06446723639965057,0.0005060756229795516,284.03375244140625,283.41619873046875,2015/01/21
57,0.1293638050556183,0.10285039991140366,0.07977177202701569,0.06086118891835213,0.176099956035614,0.09605802595615387,0.04955343157052994,0.07544935494661331,0.000926224805880338,280.9331970214844,280.4363708496094,2018/11/29
58,0.12951408326625824,0.10391555726528168,0.07158458232879639,0.060363829135894775,0.07770844548940659,0.06139081344008446,0.04298117384314537,0.06572696566581726,0.0009509034571237862,278.9618835449219,278.1236267089844,2014/01/18
59,0.1249806210398674,0.09916495531797409,0.0751001313328743,0.05699563026428223,0.1464005559682846,0.08616399019956589,0.044739704579114914,0.06984759122133255,0.0009685458499006927,280.8299560546875,280.3658142089844,2018/11/29
60,0.11588895320892334,0.0909065380692482,0.07034361362457275,0.05386257916688919,0.18521976470947266,0.06224120408296585,0.026056595146656036,0.0696377158164978,0.0008286490337923169,289.10113525390625,287.7838134765625,2018/10/28
61,0.12049909681081772,0.0983237624168396,0.081287682056427,0.06468898802995682,0.12909367680549622,0.0857708603143692,0.0457284189760685,0.07096543908119202,0.0010934538440778852,294.6067199707031,292.2225036621094,2016/05/15
62,0.14230391383171082,0.11848749965429306,0.09189634770154953,0.08116079866886139,0.09206151217222214,0.07386061549186707,0.052323441952466965,0.08548805117607117,0.02127291075885296,278.71697998046875,277.4179992675781,2017/02/11
63,0.12419742345809937,0.10117504745721817,0.0795828104019165,0.06828194111585617,0.10139938443899155,0.0847705528140068,0.051232483237981796,0.07018878310918808,0.0013740458525717258,283.0060729980469,282.3670959472656,2020/03/07
64,0.13668295741081238,0.1138184517621994,0.09370319545269012,0.07542075961828232,0.14816102385520935,0.13003896176815033,0.07894895225763321,0.09111432731151581,0.0017411794979125261,290.1125183105469,288.661865234375,2013/04/21
65,0.14424000680446625,0.12378823012113571,0.10497431457042694,0.09219464659690857,0.1689373254776001,0.11046978831291199,0.06622584164142609,0.09717290103435516,0.0007327254861593246,297.8875732421875,294.3328857421875,2015/06/14
66,0.12749060988426208,0.1005895808339119,0.07148296386003494,0.05546528100967407,0.1302747130393982,0.06978356838226318,0.0369165875017643,0.06175664812326431,0.0014462844701483846,283.5130615234375,282.6097717285156,2014/11/18
67,0.11458349972963333,0.09051190316677094,0.06555715948343277,0.04927543178200722,0.09021751582622528,0.04927543178200722,0.023754559457302094,0.06084700673818588,0.0008831489249132574,296.6066589355469,294.2296142578125,2014/08/14
68,0.16775286197662354,0.1462244987487793,0.12190543115139008,0.10956870764493942,0.1608646661043167,0.09641248732805252,0.06398706138134003,0.11807373911142349,0.019047720357775688,283.86590576171875,284.2855529785156,2019/07/27
69,0.12863440811634064,0.10688718408346176,0.08782534301280975,0.07254945486783981,0.14041049778461456,0.06973199546337128,0.03979654237627983,0.07829441875219345,0.0013426888035610318,297.5555114746094,294.43896484375,2017/07/21
70,0.12039788067340851,0.09353745728731155,0.06309565156698227,0.04733051359653473,0.08770892024040222,0.051227908581495285,0.0278786513954401,0.055932868272066116,0.000948007800616324,285.08349609375,284.248291015625,2020/11/18
71,0.12406492233276367,0.09755076467990875,0.06818944215774536,0.052779193967580795,0.09644749015569687,0.07719358056783676,0.04306326434016228,0.060395341366529465,0.0012100351741537452,288.3558044433594,287.6116943359375,2015/11/21
72,0.11340987682342529,0.08917243033647537,0.06855667382478714,0.049914270639419556,0.12928958237171173,0.05799341946840286,0.026976920664310455,0.0620097778737545,0.001114360522478819,297.83270263671875,295.2474365234375,2013/08/27
73,0.12249714136123657,0.09657633304595947,0.06889817863702774,0.05173824355006218,0.0787186250090599,0.04948987811803818,0.024292677640914917,0.06256657838821411,0.0008786663529463112,296.2152404785156,293.4985656738281,2017/09/23
74,0.13856540620326996,0.11931361258029938,0.1018119752407074,0.08573640137910843,0.17045728862285614,0.09023065119981766,0.0551193431019783,0.09500578790903091,0.009420628659427166,294.42987060546875,292.1496276855469,2019/05/24
75,0.12343240529298782,0.09801985323429108,0.07266934961080551,0.05594484880566597,0.1372402012348175,0.06543964892625809,0.0289187990128994,0.07111791521310806,0.0007757127750664949,291.2563781738281,288.8086242675781,2013/10/30
76,0.12613651156425476,0.10283922404050827,0.08119787275791168,0.0696919858455658,0.10697905719280243,0.09330332279205322,0.056787118315696716,0.07286110520362854,0.0013704226585105062,283.1480712890625,282.4427795410156,2020/03/07
77,0.12640637159347534,0.10175194591283798,0.07875291258096695,0.05972684174776077,0.13280725479125977,0.06016828492283821,0.03151882067322731,0.07297004759311676,0.0007504437817260623,296.9895324707031,294.2353515625,2013/07/26
78,0.11850005388259888,0.09591246396303177,0.07915830612182617,0.06018834933638573,0.13622646033763885,0.0692550390958786,0.030139392241835594,0.07138039916753769,0.0006556912558153272,296.519775390625,292.8852844238281,2013/08/11
79,0.12560227513313293,0.10233680158853531,0.0825577899813652,0.0625329464673996,0.13749203085899353,0.061795424669981,0.032450977712869644,0.07357343286275864,0.0009163110516965389,295.86865234375,293.93365478515625,2016/04/29
80,0.1211610659956932,0.09999237209558487,0.08246278017759323,0.06467156112194061,0.1136687770485878,0.06024754047393799,0.0338699147105217,0.07290118932723999,0.0009038273128680885,292.5585632324219,291.216064453125,2020/04/08
81,0.12374874204397202,0.09766873717308044,0.06983839720487595,0.05443543940782547,0.1208781898021698,0.06493745744228363,0.03427157178521156,0.06000150740146637,0.0014002617681398988,283.57012939453125,282.6380920410156,2014/11/18
82,0.1431729793548584,0.12149780988693237,0.1003856435418129,0.08217504620552063,0.16149184107780457,0.08713369816541672,0.0473129041492939,0.09168093651533127,0.0015373944770544767,297.3543701171875,294.513427734375,2015/06/30
83,0.1264084428548813,0.10022201389074326,0.07444972544908524,0.05766110494732857,0.142623633146286,0.0742267295718193,0.032748956233263016,0.07495944201946259,0.000700846896506846,291.3599853515625,288.8834228515625,2013/10/30
84,0.13236024975776672,0.10839451104402542,0.0874793529510498,0.06494013965129852,0.14221429824829102,0.05976073071360588,0.02833312377333641,0.07593540847301483,0.0013167947763577104,296.52703857421875,293.0041198730469,2016/07/18
85,0.17109932005405426,0.1464487463235855,0.10937460511922836,0.09915268421173096,0.14361806213855743,0.1004500761628151,0.0753670409321785,0.10878488421440125,0.011086851358413696,277.6880187988281,273.5664367675781,2017/12/12
86,0.10899186879396439,0.08504650741815567,0.06376702338457108,0.04374908283352852,0.10030394047498703,0.03422806039452553,0.016756990924477577,0.055507540702819824,0.0011663201730698347,295.80792236328125,293.6773986816406,2016/09/04
87,0.1211259737610817,0.09459611028432846,0.07553023099899292,0.05243117734789848,0.20872952044010162,0.06597109884023666,0.026739373803138733,0.0679091140627861,0.00044521456584334373,296.91015625,294.6222229003906,2018/09/26
88,0.1372326761484146,0.11198577284812927,0.0853213295340538,0.06755317747592926,0.0994722992181778,0.08057989925146103,0.03952007368206978,0.07884462922811508,0.0007087658159434795,296.3023376464844,293.2154235839844,2019/09/13
89,0.12440135329961777,0.10162211954593658,0.07847617566585541,0.06270760297775269,0.1270761936903,0.08289828151464462,0.0461408868432045,0.07280293852090836,0.0059105162508785725,297.4477844238281,294.5449523925781,2018/06/06
90,0.12798018753528595,0.10447680205106735,0.0849720910191536,0.06562288850545883,0.1428641974925995,0.06957715004682541,0.03625475615262985,0.07659706473350525,0.0005553687224164605,296.8668518066406,294.6250915527344,2014/07/29
91,0.1418887972831726,0.11818475276231766,0.0940781906247139,0.07430992275476456,0.12800180912017822,0.055190153419971466,0.02958531863987446,0.08732477575540543,0.0007155890925787389,296.65728759765625,293.8876037597656,2017/08/06
92,0.15646769106388092,0.130325585603714,0.10539734363555908,0.09317006170749664,0.10593024641275406,0.11726934462785721,0.09396942704916,0.09438391029834747,0.0017763538053259254,285.7455749511719,283.9964599609375,2017/02/27
93,0.11791743338108063,0.09538961946964264,0.07541260123252869,0.06326475739479065,0.09271254390478134,0.07026050239801407,0.03856498375535011,0.07101816684007645,0.0008839337388053536,292.5960693359375,291.51239013671875,2016/03/28
94,0.12416613847017288,0.09714283049106598,0.06711281090974808,0.05337844043970108,0.07750639319419861,0.05293300375342369,0.032405685633420944,0.059391871094703674,7.42323900340125e-05,277.5409851074219,276.94952392578125,2016/01/24
95,0.11133609712123871,0.08625879883766174,0.0631675273180008,0.048168569803237915,0.13356775045394897,0.04890962690114975,0.024158388376235962,0.05519377067685127,0.0009485444752499461,290.337158203125,288.63189697265625,2016/10/22
96,0.12442225962877274,0.10143587738275528,0.07934306561946869,0.07444382458925247,0.09040487557649612,0.04926973208785057,0.029549511149525642,0.07718616724014282,0.0007703148876316845,284.34710693359375,283.39117431640625,2016/02/25
97,0.1435972899198532,0.1239435151219368,0.10504234582185745,0.09319417178630829,0.17312097549438477,0.10248348116874695,0.06676693260669708,0.09758079051971436,0.0009891354711726308,298.7432861328125,296.545654296875,2017/06/03
98,0.11312507838010788,0.08972686529159546,0.06796944886445999,0.05165138468146324,0.12926332652568817,0.048482175916433334,0.02153264731168747,0.060057662427425385,0.0003596222377382219,296.12322998046875,292.3885192871094,2018/08/09
99,0.11358017474412918,0.08884571492671967,0.060406915843486786,0.04736882075667381,0.08522888273000717,0.07070321589708328,0.039493460208177567,0.05471915751695633,0.0008166980696842074,289.75677490234375,288.4879455566406,2015/10/20
100,0.12104705721139908,0.0961737334728241,0.07055234163999557,0.05255190655589104,0.1189197301864624,0.05802216753363609,0.024475907906889915,0.06253396719694138,0.0007013108115643263,295.61590576171875,293.0678405761719,2018/08/25
101,0.11726294457912445,0.09447840601205826,0.07549866288900375,0.059151310473680496,0.10766246914863586,0.0893905907869339,0.048267822712659836,0.06976934522390366,0.0007299855933524668,295.5088195800781,293.4119567871094,2019/05/08
102,0.13616864383220673,0.11442369967699051,0.09452392905950546,0.0803465023636818,0.12276198714971542,0.10858456790447235,0.06640265136957169,0.08952562510967255,0.00931925605982542,291.02093505859375,288.4189147949219,2017/04/16
103,0.24383020401000977,0.2159520834684372,0.17268720269203186,0.16151940822601318,0.17326627671718597,0.09273406118154526,0.081235371530056,0.1692955046892166,0.03482697159051895,270.56927490234375,269.6979675292969,2015/01/05
104,0.13558350503444672,0.1159498319029808,0.09902504086494446,0.08654561638832092,0.12173806130886078,0.09101413190364838,0.05929462984204292,0.09622354060411453,0.0007408888777717948,291.6123352050781,290.6420593261719,2018/04/19
105,0.14500826597213745,0.121275894343853,0.09609893709421158,0.07695252448320389,0.11036129295825958,0.07977288961410522,0.0446673147380352,0.09027475863695145,0.006374489516019821,293.83343505859375,289.9972839355469,2015/08/17
106,0.13831661641597748,0.11929754167795181,0.10181820392608643,0.0854015126824379,0.17815475165843964,0.09463996440172195,0.056319888681173325,0.0954640582203865,0.009433631785213947,294.50360107421875,292.193359375,2019/05/24
107,0.11808368563652039,0.09586013108491898,0.07858014106750488,0.06013166904449463,0.1288471668958664,0.061727091670036316,0.027391815558075905,0.07100750505924225,0.0007415295694954693,296.4618225097656,292.8562927246094,2013/08/11
108,0.12060103565454483,0.09504522383213043,0.066613107919693,0.04955893009901047,0.06994757801294327,0.045842643827199936,0.022144973278045654,0.058671459555625916,0.0010181547841057181,296.1741027832031,293.4754943847656,2017/09/23
109,0.23908701539039612,0.212955504655838,0.17992065846920013,0.16839098930358887,0.20583531260490417,0.10579103231430054,0.08584000915288925,0.17533047497272491,0.04246820881962776,268.5527038574219,268.5898132324219,2016/11/23
110,0.13356368243694305,0.11307540535926819,0.09403818845748901,0.07803307473659515,0.15121479332447052,0.08039376884698868,0.043055713176727295,0.08511517196893692,0.0004764673940371722,296.5390930175781,292.59210205078125,2017/07/05
111,0.5644742846488953,0.5472121834754944,0.5007246136665344,0.51612389087677,0.5502755045890808,0.38672035932540894,0.27511703968048096,0.5038707256317139,0.0024423489812761545,270.587890625,271.1367492675781,2019/12/18
112,0.14159859716892242,0.12240536510944366,0.10301804542541504,0.08966904878616333,0.1841040551662445,0.11002681404352188,0.0686643198132515,0.09624650329351425,0.0008841782691888511,298.8782043457031,296.633056640625,2017/06/03
113,0.11708877980709076,0.09450472891330719,0.078279048204422,0.059652481228113174,0.18217621743679047,0.06857001781463623,0.03171264007687569,0.07308154553174973,0.0011344737140461802,293.92730712890625,291.72613525390625,2013/09/28
114,0.11312521249055862,0.0878295972943306,0.062447648495435715,0.045555125921964645,0.11827642470598221,0.04964156076312065,0.021525729447603226,0.05603021755814552,0.0005467709270305932,291.1754150390625,290.0328674316406,2020/10/17
115,0.1335747092962265,0.11327360570430756,0.09418840706348419,0.07777382433414459,0.15411463379859924,0.08535145223140717,0.04492295905947685,0.08548173308372498,0.00049938092706725,296.5921630859375,292.62408447265625,2017/07/05
116,0.12218845635652542,0.10262621194124222,0.0858709067106247,0.0727214515209198,0.13466855883598328,0.09444288909435272,0.050373855978250504,0.08137980103492737,0.0016841624164953828,298.7574768066406,295.6711730957031,2019/06/25
117,0.14229589700698853,0.11857616901397705,0.09429436177015305,0.07417193055152893,0.13368485867977142,0.06194109469652176,0.031656280159950256,0.0870547816157341,0.0006969733512960374,296.7127380371094,293.8905029296875,2017/08/06
118,0.11352627724409103,0.08778654038906097,0.0648825392127037,0.044886987656354904,0.10504331439733505,0.035870809108018875,0.014590690843760967,0.05615720897912979,0.0006786321755498648,295.0232238769531,291.9599609375,2018/09/10
119,0.12227089703083038,0.10161483287811279,0.08316497504711151,0.06635893881320953,0.15930040180683136,0.08580375462770462,0.045183777809143066,0.07286938279867172,0.0008002828108146787,297.083251953125,294.0285339355469,2015/05/29
120,0.11730539798736572,0.0915759950876236,0.0650850459933281,0.05358025059103966,0.053389862179756165,0.03244732692837715,0.021568085998296738,0.05708880349993706,0.0013327014166861773,290.5434875488281,289.2090759277344,2016/03/12
121,0.1578657329082489,0.13202820718288422,0.1053747683763504,0.09213870018720627,0.10546542704105377,0.11643503606319427,0.09343813359737396,0.09386120736598969,0.001752714510075748,285.8227233886719,284.0586853027344,2017/02/27
122,0.13902243971824646,0.1165812760591507,0.09199748933315277,0.07548800855875015,0.11651361733675003,0.08570494502782822,0.04612278938293457,0.08732882887125015,0.0026162518188357353,297.63922119140625,294.7795104980469,2019/08/12
123,0.12610745429992676,0.10168608278036118,0.07869350910186768,0.05970155447721481,0.13382293283939362,0.0618557333946228,0.0318291038274765,0.07278050482273102,0.0007253827061504126,296.9606628417969,294.2238464355469,2013/07/26
124,0.14415834844112396,0.11717303842306137,0.08471547812223434,0.07076331973075867,0.12485925108194351,0.10902731865644455,0.06587588787078857,0.07665330171585083,0.0027152313850820065,276.74127197265625,275.7697448730469,2017/12/28
125,0.14427950978279114,0.1231890320777893,0.10605435818433762,0.09347746521234512,0.16532698273658752,0.10973068326711655,0.0661952868103981,0.10001315176486969,0.0007309602806344628,297.79449462890625,294.3099365234375,2015/06/14
126,0.17808811366558075,0.15753033757209778,0.1320274919271469,0.1179480105638504,0.18426407873630524,0.093330517411232,0.06268821656703949,0.12665051221847534,0.02675532177090645,284.4602966308594,280.57421875,2018/06/22
127,0.23540672659873962,0.20926371216773987,0.16522707045078278,0.1551843285560608,0.16622337698936462,0.08815298229455948,0.07743275165557861,0.16271637380123138,0.03291787952184677,270.6593017578125,269.7050476074219,2015/01/05
128,0.13512662053108215,0.11345449835062027,0.09324107319116592,0.07964968681335449,0.1158856675028801,0.10113658010959625,0.061219118535518646,0.08768411725759506,0.009168971329927444,290.93475341796875,288.3438415527344,2017/04/16
129,0.12285817414522171,0.10020195692777634,0.08190544694662094,0.06734924763441086,0.11397198587656021,0.07721220701932907,0.04807597026228905,0.07487749308347702,0.0006908789509907365,288.9979248046875,287.4272155761719,2013/04/07
130,0.15522998571395874,0.13172373175621033,0.10641877353191376,0.08840716630220413,0.11578185111284256,0.08328211307525635,0.06366892904043198,0.09708033502101898,0.004681534133851528,289.6542053222656,284.214111328125,2013/09/12
131,0.5312805771827698,0.5229097604751587,0.5099641680717468,0.537729024887085,0.5825519561767578,0.45742741227149963,0.3242483139038086,0.48545998334884644,0.001727697323076427,288.783447265625,287.84716796875,2018/04/03
132,0.1207679808139801,0.09499992430210114,0.06793396174907684,0.051947638392448425,0.12459836900234222,0.062330834567546844,0.032289206981658936,0.0602731890976429,0.0007913958979770541,283.87945556640625,282.61920166015625,2014/11/02
133,0.14551733434200287,0.12055759876966476,0.09212157130241394,0.0788421630859375,0.11176259070634842,0.10112515836954117,0.061147864907979965,0.0870114341378212,0.009837882593274117,282.9869689941406,281.5566711425781,2020/02/04
134,0.13323786854743958,0.10808836668729782,0.08684995025396347,0.06347820907831192,0.16699178516864777,0.06632263958454132,0.024722838774323463,0.07777147740125656,0.0010666567832231522,295.86865234375,292.60662841796875,2020/08/30
135,0.12191010266542435,0.09937995672225952,0.07769431173801422,0.07298922538757324,0.08879350125789642,0.04144098609685898,0.02596847526729107,0.07494967430830002,0.0007238540565595031,284.3255310058594,283.3724060058594,2016/02/25
136,0.17052039504051208,0.15130965411663055,0.1252700835466385,0.10155681520700455,0.17819969356060028,0.07889413833618164,0.04074779152870178,0.11829117685556412,0.013207384385168552,288.5555725097656,285.32122802734375,2020/09/15
137,0.13340847194194794,0.10672678053379059,0.07323691993951797,0.06150956451892853,0.08256370574235916,0.07178083807229996,0.04836548492312431,0.0672551840543747,0.0011805981630459428,278.93060302734375,278.11053466796875,2014/01/18
138,0.12792930006980896,0.1001155897974968,0.07034219801425934,0.05418343469500542,0.11648064106702805,0.06924203038215637,0.036133747547864914,0.06394745409488678,0.0008595020044595003,288.0177001953125,286.665283203125,2017/11/10
139,0.13472628593444824,0.11534518003463745,0.09844411164522171,0.08657202869653702,0.11470220237970352,0.08471199870109558,0.05561736226081848,0.09483885765075684,0.0007577877258881927,291.5089416503906,290.58892822265625,2018/04/19
140,0.12752360105514526,0.10529867559671402,0.08328952640295029,0.06443070620298386,0.1174900233745575,0.09099273383617401,0.04874379187822342,0.07312647998332977,0.0008199444273486733,295.93902587890625,293.313720703125,2014/05/26
141,0.15992622077465057,0.1395307183265686,0.11995016783475876,0.10332101583480835,0.15567532181739807,0.08539236336946487,0.06195736676454544,0.11400331556797028,0.022465873509645462,279.0102233886719,276.84368896484375,2020/05/10
142,0.14583143591880798,0.12098382413387299,0.09355991333723068,0.08274628967046738,0.09525483846664429,0.0821022167801857,0.057085104286670685,0.08749207854270935,0.021593352779746056,278.8395080566406,277.46734619140625,2017/02/11
143,0.1326003223657608,0.10832015424966812,0.08716797828674316,0.06470335274934769,0.14712467789649963,0.05573500692844391,0.027211280539631844,0.07612159103155136,0.0013124370016157627,296.5028991699219,292.9896545410156,2016/07/18
144,0.1248895525932312,0.09964968264102936,0.07221504300832748,0.05989600345492363,0.10301263630390167,0.11090673506259918,0.06265716999769211,0.07030346989631653,0.0010973784374073148,282.5816955566406,281.90557861328125,2019/02/01
145,0.12374275922775269,0.09732869267463684,0.06928813457489014,0.05273054912686348,0.13818591833114624,0.06834477931261063,0.03496936336159706,0.06187137961387634,0.0007156456704251468,283.8848571777344,282.65069580078125,2014/11/02
146,0.12749254703521729,0.10493017733097076,0.0846630185842514,0.06567338854074478,0.12589024007320404,0.09650718420743942,0.05265996605157852,0.0756770446896553,0.0008661135798320174,296.04327392578125,293.3744201660156,2014/05/26
147,0.11861914396286011,0.09642904251813889,0.07615027576684952,0.061185941100120544,0.09801404923200607,0.07873756438493729,0.04083724319934845,0.07069598138332367,0.0010722061851993203,294.65826416015625,291.4918518066406,2019/08/28
148,0.12834689021110535,0.103305883705616,0.07742079347372055,0.0582883358001709,0.12396237254142761,0.0467056967318058,0.023235613480210304,0.07188738882541656,0.0007502877269871533,296.5004577636719,293.18939208984375,2014/08/30
149,0.154596209526062,0.13177058100700378,0.10570847243070602,0.08833373337984085,0.11410382390022278,0.08229881525039673,0.06336668133735657,0.09848116338253021,0.0046235243789851665,289.6644592285156,284.2575988769531,2013/09/12
150,0.12616561353206635,0.10226031392812729,0.08162844181060791,0.058944907039403915,0.12074831128120422,0.05783839151263237,0.02480434626340866,0.07240749150514603,0.0015675565227866173,293.7666931152344,289.73309326171875,2016/08/19
151,0.12848584353923798,0.10657438635826111,0.08762392401695251,0.07268728315830231,0.13274092972278595,0.06612919270992279,0.03890984505414963,0.07762229442596436,0.0013598663499578834,297.50762939453125,294.41314697265625,2017/07/21
152,0.12516237795352936,0.1028607115149498,0.08068908751010895,0.06189848110079765,0.13370159268379211,0.05769389122724533,0.029323752969503403,0.0736236497759819,0.0007368823862634599,297.18170166015625,293.9969177246094,2016/07/02
153,0.1864486187696457,0.1632639318704605,0.13073252141475677,0.11383561789989471,0.1481878161430359,0.08181404322385788,0.05858079344034195,0.12641119956970215,0.030637776479125023,280.0030822753906,277.7500305175781,2017/09/07
154,0.14249259233474731,0.1208249032497406,0.09989171475172043,0.08146445453166962,0.1639658510684967,0.08397039026021957,0.046424586325883865,0.09146659076213837,0.0015121973119676113,297.26806640625,294.48193359375,2015/06/30
155,0.14619937539100647,0.1273321658372879,0.11126487702131271,0.09295764565467834,0.18847830593585968,0.10532041639089584,0.059595413506031036,0.09881596267223358,0.003919896669685841,294.42987060546875,291.1543884277344,2014/06/11
156,0.24601715803146362,0.22873878479003906,0.2030693143606186,0.1936427801847458,0.24491703510284424,0.22151251137256622,0.19735299050807953,0.20557154715061188,0.0010785452323034406,291.0386962890625,288.196533203125,2020/06/27
157,0.19037914276123047,0.17234346270561218,0.14972242712974548,0.13555152714252472,0.1750728338956833,0.15046481788158417,0.12513624131679535,0.14616332948207855,0.0015502788592129946,293.0274658203125,289.78955078125,2015/07/16
158,0.11689496785402298,0.09421122819185257,0.074189692735672,0.058414481580257416,0.09790751338005066,0.08538854867219925,0.0461595393717289,0.06778720021247864,0.000660046236589551,295.4186706542969,293.38018798828125,2019/05/08
159,0.12878932058811188,0.1036042720079422,0.07820619642734528,0.058441612869501114,0.14228130877017975,0.05638230964541435,0.026297539472579956,0.07226498425006866,0.0007337701390497386,296.57769775390625,293.25592041015625,2014/08/30
160,0.126316636800766,0.10056242346763611,0.07114385068416595,0.06229407712817192,0.05659012496471405,0.03173471614718437,0.01787238009274006,0.06709922850131989,0.0008296589949168265,279.9355163574219,278.7436218261719,2016/02/09
161,0.1203029528260231,0.09536153078079224,0.06824120879173279,0.05115772783756256,0.108643539249897,0.04863113537430763,0.02062998339533806,0.06077732890844345,0.0006722084362991154,295.5282897949219,293.01861572265625,2018/08/25
162,0.13311666250228882,0.10940525680780411,0.08386989682912827,0.078590027987957,0.0859818384051323,0.09391764551401138,0.05625458434224129,0.09074972569942474,0.00038398397737182677,284.6917419433594,283.5693359375,2014/02/19
163,0.5422584414482117,0.5360791683197021,0.49478739500045776,0.4936273992061615,0.5440877079963684,0.4328162968158722,0.3663836121559143,0.5121206045150757,0.0356701985001564,262.4812927246094,261.0626525878906,2015/08/01
164,0.14377810060977936,0.12126034498214722,0.0950329527258873,0.07693368941545486,0.10179063677787781,0.05158053711056709,0.034686315804719925,0.08964569866657257,0.02003677934408188,288.1036376953125,284.8400573730469,2015/09/02
165,0.15426263213157654,0.1319677084684372,0.11190879344940186,0.09803687781095505,0.1682213842868805,0.09562720358371735,0.06041555106639862,0.1053527444601059,0.01949448697268963,291.56695556640625,288.3047790527344,2017/05/18
166,0.12346941232681274,0.1023198589682579,0.08371428400278091,0.0687953308224678,0.15207843482494354,0.07453007251024246,0.042234424501657486,0.07202921062707901,0.0007545669213868678,296.9822998046875,293.98541259765625,2015/05/29
167,0.13954386115074158,0.11706167459487915,0.09931837767362595,0.08153099566698074,0.16628004610538483,0.10370460897684097,0.05832144245505333,0.09239739179611206,0.002953538205474615,296.26123046875,293.3484191894531,2014/05/10
168,0.24684646725654602,0.23097668588161469,0.20717200636863708,0.19809120893478394,0.25004637241363525,0.21992836892604828,0.19685880839824677,0.2085341215133667,0.0011026645079255104,291.00067138671875,288.1875305175781,2020/06/27
169,0.32529303431510925,0.3061428666114807,0.2649622857570648,0.2687767446041107,0.2987474799156189,0.2701520025730133,0.2408299744129181,0.27313610911369324,0.002257532672956586,279.7409973144531,278.95819091796875,2019/03/21
170,0.14506354928016663,0.12193643301725388,0.0957304835319519,0.07744836807250977,0.10484766960144043,0.05427352339029312,0.035800475627183914,0.090575210750103,0.02009599842131138,288.12445068359375,284.8431396484375,2015/09/02
171,0.13212968409061432,0.1075725257396698,0.08604393154382706,0.06355277448892593,0.15807197988033295,0.055664438754320145,0.021199906244874,0.0775921419262886,0.0009156060987152159,295.8006591796875,292.5514221191406,2020/08/30
172,0.17807361483573914,0.15749765932559967,0.13159996271133423,0.11800473928451538,0.18154244124889374,0.08928458392620087,0.060801420360803604,0.12675221264362335,0.026414789259433746,284.4387512207031,280.54217529296875,2018/06/22
173,0.11517363041639328,0.09262938797473907,0.07026513665914536,0.05397568643093109,0.10000914335250854,0.0892769992351532,0.0520857498049736,0.06324537098407745,0.0022724191658198833,291.20831298828125,289.53387451171875,2015/04/27
174,0.19044199585914612,0.17259149253368378,0.14906823635101318,0.13494113087654114,0.17550452053546906,0.15290115773677826,0.12541355192661285,0.14582666754722595,0.0015331687172874808,293.1045837402344,289.78955078125,2015/07/16
175,0.5005956888198853,0.502997100353241,0.4500789940357208,0.4470699727535248,0.4790407419204712,0.23033419251441956,0.2316361665725708,0.49697908759117126,0.18621164560317993,241.2468719482422,243.47634887695312,2019/10/15
176,0.1374245136976242,0.11509168148040771,0.09144388884305954,0.07650503516197205,0.13539817929267883,0.08387745916843414,0.04309201240539551,0.08480440080165863,0.0010778350988402963,294.58953857421875,290.757080078125,2017/06/19
177,0.13113494217395782,0.10668054968118668,0.084105484187603,0.0677948147058487,0.12804915010929108,0.07113583385944366,0.037052810192108154,0.07610096037387848,0.0007192422635853291,294.77105712890625,291.4772033691406,2017/08/22
178,0.12412867695093155,0.10126060247421265,0.07697268575429916,0.06210736185312271,0.12277337163686752,0.07600460946559906,0.042035944759845734,0.07152995467185974,0.005829955916851759,297.3927001953125,294.5363464355469,2018/06/06
179,0.11452830582857132,0.0901421383023262,0.0696914866566658,0.05031842738389969,0.14453664422035217,0.06357737630605698,0.029539819806814194,0.06292145699262619,0.0010775780538097024,297.95196533203125,295.32147216796875,2013/08/27
180,0.13729751110076904,0.11434295028448105,0.09637477248907089,0.08111471682786942,0.13532015681266785,0.07567697763442993,0.03883791342377663,0.08880922198295593,0.00045134944957681,296.3893737792969,293.47259521484375,2016/06/16
181,0.1310315728187561,0.1043321043252945,0.07358726859092712,0.05937066674232483,0.10876275599002838,0.09874563664197922,0.053938306868076324,0.06834754347801208,0.001194340642541647,282.1775817871094,281.6582946777344,2019/01/16
182,0.11953210085630417,0.09699928760528564,0.07627756893634796,0.061012644320726395,0.09208346158266068,0.0766303762793541,0.0390443280339241,0.0696447342634201,0.0011289879912510514,294.6656188964844,291.49774169921875,2019/08/28
183,0.16850432753562927,0.1494223028421402,0.12377390265464783,0.10037189722061157,0.16692444682121277,0.07524189352989197,0.039472367614507675,0.1170840933918953,0.013132767751812935,288.5374450683594,285.3089294433594,2020/09/15
184,0.13043777644634247,0.10620079189538956,0.08412741124629974,0.06778528541326523,0.12785986065864563,0.0665653795003891,0.035538364201784134,0.07719927281141281,0.000667490647174418,294.6925964355469,291.4420471191406,2017/08/22
185,0.13894042372703552,0.11339953541755676,0.08674494922161102,0.06877724081277847,0.1062965989112854,0.08674494922161102,0.04237014427781105,0.08050822466611862,0.0007177136722020805,296.3289489746094,293.22698974609375,2019/09/13
186,0.2088112086057663,0.18614277243614197,0.16680921614170074,0.1530119776725769,0.18947765231132507,0.17417645454406738,0.15159519016742706,0.15192215144634247,0.008108322508633137,278.31988525390625,275.3211669921875,2019/07/11
187,0.12066026031970978,0.09935490787029266,0.08260497450828552,0.06737351417541504,0.13988648355007172,0.08774442225694656,0.047726795077323914,0.07692821323871613,0.0008877184591256082,290.8688049316406,289.4773254394531,2016/04/13
188,0.1413392424583435,0.11725249141454697,0.09028744697570801,0.07253798842430115,0.10952655225992203,0.050723567605018616,0.03163595125079155,0.08336944878101349,0.010780963115394115,287.6837463378906,285.25347900390625,2015/09/18
189,0.18726171553134918,0.17132362723350525,0.13491520285606384,0.12533517181873322,0.1653522253036499,0.12872900068759918,0.0862632468342781,0.13747131824493408,0.0008377115591429174,295.7301940917969,293.0678405761719,2013/06/08
190,0.13913565874099731,0.11659327149391174,0.09887512773275375,0.08194641023874283,0.15735815465450287,0.09727435559034348,0.05541304871439934,0.09459909051656723,0.002828758442774415,296.1619873046875,293.2761535644531,2014/05/10
191,0.12468606978654861,0.10235197842121124,0.08047191798686981,0.062159258872270584,0.13218842446804047,0.0554136261343956,0.028625687584280968,0.07327225059270859,0.0006702346727252007,297.12646484375,293.97967529296875,2016/07/02
192,0.12382510304450989,0.09683115780353546,0.06806876510381699,0.05278665944933891,0.10707484185695648,0.05709100887179375,0.03029727004468441,0.061328623443841934,0.000934270559810102,287.9603576660156,286.62872314453125,2017/11/10
193,0.1257505565881729,0.1022752895951271,0.08175158500671387,0.05905425176024437,0.11348666995763779,0.05104611814022064,0.022651569917798042,0.07269095629453659,0.0015329807065427303,293.7320861816406,289.7301330566406,2016/08/19
194,0.1268036961555481,0.10284250229597092,0.07963956892490387,0.06464757025241852,0.10316746681928635,0.05141041427850723,0.03267041966319084,0.07296682894229889,0.011655624024569988,288.9850158691406,286.14654541015625,2013/07/10
195,0.14068008959293365,0.12175112217664719,0.10435810685157776,0.08674875646829605,0.17075011134147644,0.1039254441857338,0.06288743764162064,0.09743551164865494,0.0034829259384423494,292.04754638671875,287.5874938964844,2013/05/23
196,0.1264946460723877,0.10312136262655258,0.08354990184307098,0.0630561038851738,0.14449138939380646,0.06971490383148193,0.03617345914244652,0.07441654801368713,0.0008998329285532236,295.97540283203125,294.0026550292969,2016/04/29
197,0.1777745485305786,0.15176573395729065,0.11407948285341263,0.10293284803628922,0.1525823324918747,0.11248710751533508,0.08235444128513336,0.11199714988470078,0.011677420698106289,277.80322265625,273.6413879394531,2017/12/12
198,0.11948583275079727,0.09335435926914215,0.06650391966104507,0.054724011570215225,0.0565490685403347,0.037385981529951096,0.023504499346017838,0.05903777852654457,0.0013826123904436827,290.6172790527344,289.2538146972656,2016/03/12
199,0.3704220652580261,0.351938396692276,0.3199196755886078,0.31970569491386414,0.34292393922805786,0.3470700681209564,0.29113760590553284,0.29386600852012634,0.0016851903637871146,280.67352294921875,279.7996520996094,2018/03/18
200,0.1411144733428955,0.11354754120111465,0.0819535031914711,0.06505630165338516,0.09523877501487732,0.0856899842619896,0.04741179943084717,0.073691725730896,0.00016605755081400275,288.3739929199219,287.1909484863281,2020/01/03
201,0.20351126790046692,0.18402497470378876,0.15940719842910767,0.14626888930797577,0.18254303932189941,0.1061682477593422,0.08537696301937103,0.15431997179985046,0.04958941787481308,272.38714599609375,270.67913818359375,2018/05/05
202,0.1547156423330307,0.1321306824684143,0.11166034638881683,0.09764285385608673,0.17091314494609833,0.10638470947742462,0.06553123891353607,0.10520750284194946,0.01946752704679966,291.5795593261719,288.3348083496094,2017/05/18
203,0.2838701009750366,0.2610893249511719,0.22848886251449585,0.21871310472488403,0.2641209065914154,0.12014282494783401,0.1066325232386589,0.22189846634864807,0.07374647259712219,262.54595947265625,259.4796142578125,2015/05/13
204,0.14593634009361267,0.11490293592214584,0.07856503129005432,0.06018724665045738,0.10120312869548798,0.07593367248773575,0.03800859674811363,0.06904199719429016,0.0009188810363411903,286.52508544921875,285.4504699707031,2016/12/25
205,0.13749295473098755,0.11444101482629776,0.0953531488776207,0.07975538820028305,0.13740678131580353,0.07798879593610764,0.03929600864648819,0.08789896965026855,0.0004093291354365647,296.44976806640625,293.51300048828125,2016/06/16
206,0.13984249532222748,0.11721623688936234,0.09198013693094254,0.07577638328075409,0.12023458629846573,0.09220708161592484,0.04951903596520424,0.08723702281713486,0.0026325383223593235,297.7037353515625,294.8109436035156,2019/08/12
207,0.15870146453380585,0.13725464046001434,0.11163478344678879,0.10270703583955765,0.12109364569187164,0.09059261530637741,0.06570620089769363,0.11115425080060959,0.03272664174437523,278.9106750488281,276.372802734375,2015/03/26
208,0.4089880883693695,0.3925623297691345,0.34718456864356995,0.3461824655532837,0.3823452591896057,0.2634001672267914,0.239959716796875,0.3603861629962921,0.05494129657745361,272.3262023925781,265.11480712890625,2020/07/13
209,0.13737590610980988,0.11082720011472702,0.08174819499254227,0.07069272547960281,0.08326637744903564,0.06033795326948166,0.03550206869840622,0.07407943904399872,0.0014013899490237236,284.6863708496094,283.8874816894531,2018/01/13
210,0.13591547310352325,0.10944414138793945,0.07885415852069855,0.06261947751045227,0.09360932558774948,0.0827728807926178,0.04558505862951279,0.07153655588626862,0.00011995267414022237,288.3194580078125,287.1727294921875,2020/01/03
211,0.12280219048261642,0.09783118218183517,0.06912460923194885,0.06040830910205841,0.05566314607858658,0.03055751509964466,0.01749989576637745,0.06478329002857208,0.0007740273722447455,279.94677734375,278.7598876953125,2016/02/09
212,0.618593692779541,0.6163161993026733,0.598375678062439,0.6132437586784363,0.6789254546165466,0.5392471551895142,0.3556736409664154,0.5933480262756348,0.0014180493308231235,288.5944519042969,287.1090393066406,2020/06/11
213,0.14413370192050934,0.12052127718925476,0.09565650671720505,0.07650698721408844,0.10679100453853607,0.0754595696926117,0.042534239590168,0.09012340754270554,0.00626172823831439,293.7568054199219,289.9617004394531,2015/08/17
214,0.18027722835540771,0.16053518652915955,0.13673116266727448,0.12078902125358582,0.17232799530029297,0.0990159809589386,0.07069138437509537,0.13035430014133453,0.03893813118338585,279.88763427734375,275.69287109375,2014/07/13
215,0.45110225677490234,0.43797066807746887,0.39872661232948303,0.40309664607048035,0.4486912190914154,0.32994723320007324,0.2909184396266937,0.4066486060619354,0.011883004568517208,274.4924011230469,268.8537292480469,2013/06/24
216,0.6047002077102661,0.5947999954223633,0.5584007501602173,0.5732756853103638,0.5969918370246887,0.3131122589111328,0.20832283794879913,0.5648038983345032,0.00662475498393178,269.5728759765625,269.2554016113281,2017/03/31
217,0.4106532335281372,0.39415717124938965,0.34882035851478577,0.3479682505130768,0.3837570250034332,0.2650291919708252,0.24151958525180817,0.3615146577358246,0.055846214294433594,272.2652282714844,265.12957763671875,2020/07/13
218,0.5432289838790894,0.5267348885536194,0.4815952777862549,0.4960574805736542,0.5289261341094971,0.37163475155830383,0.26462242007255554,0.48478254675865173,0.0022709162440150976,270.6034240722656,271.1437072753906,2019/12/18
219,0.30320507287979126,0.28000178933143616,0.23994456231594086,0.2398780733346939,0.26544156670570374,0.2400110363960266,0.1908120959997177,0.24340178072452545,0.0014959070831537247,284.7213134765625,284.02447509765625,2018/02/14
220,0.24711540341377258,0.22011928260326385,0.18586936593055725,0.17356781661510468,0.21824975311756134,0.11161135882139206,0.08996211737394333,0.18014858663082123,0.04419584944844246,268.6479187011719,268.6683349609375,2016/11/23
221,0.6117429137229919,0.6016992330551147,0.5649637579917908,0.5799669623374939,0.6040170192718506,0.31683728098869324,0.21091747283935547,0.5708205103874207,0.006679173093289137,269.5697326660156,269.2483215332031,2017/03/31
222,0.12661999464035034,0.10276468098163605,0.07966978847980499,0.06424421817064285,0.10956496745347977,0.05312043055891991,0.03313237428665161,0.07293467968702316,0.011601760052144527,289.0598449707031,286.1954650878906,2013/07/10
223,0.31390926241874695,0.2942385971546173,0.2420703023672104,0.23815962672233582,0.2785959243774414,0.14418630301952362,0.124672070145607,0.25192517042160034,0.04610675945878029,267.3599853515625,266.0340576171875,2019/12/02
224,0.3958629369735718,0.3782648742198944,0.3717123866081238,0.36949703097343445,0.39907675981521606,0.37433338165283203,0.30387869477272034,0.3458457291126251,0.001528903958387673,283.4559326171875,281.3213806152344,2019/10/31
225,0.36890849471092224,0.35178181529045105,0.3156050145626068,0.3133390247821808,0.3342335522174835,0.34335023164749146,0.2875436246395111,0.2953692078590393,0.0013964771060273051,280.6902770996094,279.7867431640625,2018/03/18
226,0.20862233638763428,0.18582125008106232,0.16758473217487335,0.1534997820854187,0.19023366272449493,0.17680080235004425,0.15371714532375336,0.15617331862449646,0.008433572016656399,278.159423828125,275.12646484375,2019/07/11
227,0.14970502257347107,0.12398508936166763,0.0946522057056427,0.08077274262905121,0.11786811053752899,0.11550717055797577,0.06889650225639343,0.08950106054544449,0.009944556280970573,283.09893798828125,281.6265563964844,2020/02/04
228,0.11507914215326309,0.08895823359489441,0.0664672777056694,0.046183716505765915,0.12493886053562164,0.04068974405527115,0.01628570444881916,0.05881495401263237,0.0006131618865765631,295.04766845703125,291.9657897949219,2018/09/10
229,0.16735365986824036,0.14628832042217255,0.1225980818271637,0.11033385992050171,0.16155241429805756,0.09656970202922821,0.06385776400566101,0.12061286717653275,0.019124237820506096,283.46136474609375,284.1768493652344,2019/07/27
230,0.14428198337554932,0.11794612556695938,0.08971025049686432,0.07169604301452637,0.09550654143095016,0.07506318390369415,0.04764503613114357,0.08694437891244888,0.009476091712713242,287.23333740234375,285.0068359375,2019/04/06
231,0.12035105377435684,0.09849279373884201,0.08070574700832367,0.06452976167201996,0.1251407116651535,0.0784415453672409,0.042061906307935715,0.07086517661809921,0.0011103255674242973,294.5306091308594,292.1642150878906,2016/05/15
232,0.14168255031108856,0.11393487453460693,0.08251708000898361,0.07174871861934662,0.10272287577390671,0.07598346471786499,0.04593692347407341,0.07263600081205368,0.0012502508470788598,284.6702575683594,283.8937072753906,2018/01/13
233,0.13454140722751617,0.11209242790937424,0.0885547623038292,0.07202831655740738,0.15145978331565857,0.06632353365421295,0.03346659988164902,0.07740648835897446,0.0006967629306018353,294.63372802734375,291.8080139160156,2018/07/08
234,0.5421023368835449,0.5431524515151978,0.524660587310791,0.5513738989830017,0.6127656698226929,0.5073213577270508,0.4042588770389557,0.5343419313430786,0.016109906136989594,277.1303405761719,273.81494140625,2014/03/23
235,0.11558078974485397,0.09341958910226822,0.07735660672187805,0.058750540018081665,0.1596955955028534,0.060203731060028076,0.02812967263162136,0.07252992689609528,0.0009860905120149255,293.7840270996094,291.6354064941406,2013/09/28
236,0.1383758932352066,0.11658933013677597,0.09271658211946487,0.07794129103422165,0.1440967619419098,0.08506009727716446,0.04383121803402901,0.08697421848773956,0.0010538375936448574,294.5772705078125,290.757080078125,2017/06/19
237,0.30133697390556335,0.282550573348999,0.2329816222190857,0.22924697399139404,0.26138755679130554,0.13644663989543915,0.11830154061317444,0.24139399826526642,0.04447624459862709,267.3374328613281,266.0633239746094,2019/12/02
238,0.13438624143600464,0.11210436373949051,0.08871490508317947,0.07229667156934738,0.14982719719409943,0.06358806043863297,0.032488979399204254,0.07781285047531128,0.0006949471426196396,294.599365234375,291.8021545410156,2018/07/08
239,0.5326911211013794,0.5271291732788086,0.5200167894363403,0.5446517467498779,0.5838806629180908,0.4637082815170288,0.33000025153160095,0.4722973108291626,0.0017227198695763946,288.7886047363281,287.84716796875,2018/04/03
240,0.17402644455432892,0.1508653461933136,0.10357464849948883,0.09427700191736221,0.10426643490791321,0.08337440341711044,0.06228867545723915,0.11118432134389877,0.00866119284182787,283.22442626953125,281.4486389160156,2015/03/10
241,0.1397656351327896,0.11379077285528183,0.08206606656312943,0.06923946738243103,0.11990250647068024,0.09308326244354248,0.056050997227430344,0.07088802754878998,0.0025331436190754175,276.82562255859375,275.78643798828125,2017/12/28
242,0.176225483417511,0.15339134633541107,0.10527353733778,0.09536278992891312,0.10462596267461777,0.08404426276683807,0.060984883457422256,0.11290368437767029,0.008559277281165123,283.28985595703125,281.47088623046875,2015/03/10
243,0.14913198351860046,0.12505130469799042,0.1079646497964859,0.09008120745420456,0.18635964393615723,0.09406514465808868,0.05798839032649994,0.09364461153745651,0.005710303317755461,293.8804016113281,288.2657165527344,2020/07/29
244,0.14679820835590363,0.12812885642051697,0.11223091185092926,0.09373343735933304,0.18643565475940704,0.10073712468147278,0.05794157087802887,0.10024300217628479,0.004017449915409088,294.3216857910156,291.057373046875,2014/06/11
245,0.40516647696495056,0.38423416018486023,0.34733790159225464,0.35308003425598145,0.38211649656295776,0.26723313331604004,0.18281155824661255,0.34530168771743774,0.02691878192126751,265.73883056640625,264.8040466308594,2017/01/10
246,0.25790444016456604,0.2360559105873108,0.207255557179451,0.19785916805267334,0.22547541558742523,0.20721736550331116,0.18643833696842194,0.1789899617433548,0.012872297316789627,280.6343688964844,277.4969787597656,2020/12/04
247,0.1799488663673401,0.16013358533382416,0.13624636828899384,0.12048124521970749,0.17187032103538513,0.09724728763103485,0.07007204741239548,0.1307372897863388,0.03869422897696495,279.9017028808594,275.69287109375,2014/07/13
248,0.20444215834140778,0.18504349887371063,0.16068395972251892,0.1470915675163269,0.18635602295398712,0.11029642820358276,0.08764984458684921,0.1555006057024002,0.0500093512237072,272.460205078125,270.6966552734375,2018/05/05
249,0.16072717308998108,0.13897058367729187,0.11290878802537918,0.10381150990724564,0.12390240281820297,0.09479110687971115,0.06847305595874786,0.11239626258611679,0.03316022455692291,278.93914794921875,276.3927307128906,2015/03/26
250,0.39198487997055054,0.3717944622039795,0.3359701931476593,0.34186235070228577,0.36998751759529114,0.25799745321273804,0.17676439881324768,0.33475250005722046,0.026043280959129333,265.7453918457031,264.80035400390625,2017/01/10
251,0.4790800213813782,0.4658348262310028,0.42269906401634216,0.44195398688316345,0.49639758467674255,0.4408864676952362,0.363431841135025,0.43380919098854065,0.012691639363765717,276.60736083984375,274.4287109375,2014/12/04
252,0.26680028438568115,0.24425657093524933,0.2147001326084137,0.20566679537296295,0.23423273861408234,0.21335305273532867,0.19195832312107086,0.1857379972934723,0.013431131839752197,280.52801513671875,277.38177490234375,2020/12/04
253,0.9720255136489868,0.9409637451171875,0.9516918063163757,0.9695000052452087,0.9897042512893677,0.18958717584609985,0.23068635165691376,0.8783652186393738,0.4045591354370117,239.21835327148438,240.25845336914062,2016/05/31
254,0.22802849113941193,0.20199482142925262,0.16911618411540985,0.1519581526517868,0.17719323933124542,0.10607408732175827,0.07789566367864609,0.16183771193027496,0.020854312926530838,282.0838928222656,277.65478515625,2020/08/14
255,0.18472056090831757,0.16160349547863007,0.12934041023254395,0.11244069039821625,0.14520788192749023,0.07996156066656113,0.05749262124300003,0.12458735704421997,0.030078601092100143,280.0340270996094,277.7303161621094,2017/09/07
256,0.4107494056224823,0.3927110433578491,0.3850855827331543,0.38277870416641235,0.41430580615997314,0.38681572675704956,0.31443795561790466,0.3577236533164978,0.001569940592162311,283.4532165527344,281.3182067871094,2019/10/31
257,0.15911974012851715,0.13867369294166565,0.11897273361682892,0.10266849398612976,0.14842554926872253,0.08084185421466827,0.05967263877391815,0.11338458955287933,0.022440239787101746,278.94482421875,276.803955078125,2020/05/10
258,0.2665376365184784,0.24251312017440796,0.20948824286460876,0.19864530861377716,0.22802044451236725,0.11059080064296722,0.09716115146875381,0.2052006870508194,0.030402719974517822,264.0770263671875,264.1162414550781,2013/11/15
259,0.5381641983985901,0.5315473079681396,0.4922236204147339,0.4908691644668579,0.5402736067771912,0.4313617944717407,0.3655928373336792,0.5074113011360168,0.03566000610589981,262.4914855957031,261.0472412109375,2015/08/01
260,0.40725424885749817,0.38964757323265076,0.3579190969467163,0.35119983553886414,0.3789195418357849,0.18791092932224274,0.1903480887413025,0.3581468462944031,0.21025525033473969,238.55648803710938,235.4230194091797,2020/04/24
261,0.2695314586162567,0.24760061502456665,0.21044543385505676,0.19524264335632324,0.23364855349063873,0.11396701633930206,0.09630589932203293,0.2096691131591797,0.08313015103340149,258.1444091796875,259.0522155761719,2014/06/27
262,0.13950836658477783,0.11565098166465759,0.0891040489077568,0.07164683192968369,0.1102718710899353,0.04970701038837433,0.03135326877236366,0.08247976750135422,0.010683516971766949,287.67327880859375,285.247314453125,2015/09/18
263,0.1978745013475418,0.17355473339557648,0.15636615455150604,0.14522501826286316,0.1783449947834015,0.12155550718307495,0.10618766397237778,0.1351242959499359,0.02397296205163002,262.3995056152344,265.9315185546875,2018/05/21
264,0.15050102770328522,0.1264030784368515,0.10859638452529907,0.09098976105451584,0.18340228497982025,0.09305720776319504,0.05771058425307274,0.09623618423938751,0.005735485348850489,293.8754577636719,288.2687072753906,2020/07/29
265,0.2831924855709076,0.26124194264411926,0.22639219462871552,0.21699106693267822,0.2618759572505951,0.11860720813274384,0.10544563084840775,0.2218228131532669,0.07286964356899261,262.6513671875,259.6203308105469,2015/05/13
266,0.4899002015590668,0.49261903762817383,0.4432551860809326,0.4418674409389496,0.4717462956905365,0.22617313265800476,0.22784408926963806,0.48355624079704285,0.18431439995765686,241.1567840576172,243.41061401367188,2019/10/15
267,0.2263607680797577,0.20049938559532166,0.16767968237400055,0.15061253309249878,0.17536330223083496,0.10500945150852203,0.0773121640086174,0.1608346849679947,0.020693635568022728,282.1114501953125,277.6843566894531,2020/08/14
268,0.649324357509613,0.6418147683143616,0.5951620936393738,0.6179631948471069,0.6584681272506714,0.23194046318531036,0.17727239429950714,0.6078855395317078,0.006887001451104879,268.1356201171875,268.11383056640625,2013/12/01
269,0.25823596119880676,0.2351282835006714,0.2030247449874878,0.19268982112407684,0.22022674977779388,0.10592445731163025,0.09383843094110489,0.19890451431274414,0.02942536398768425,264.103759765625,264.0005187988281,2013/11/15
270,0.3341352641582489,0.31549760699272156,0.2753792405128479,0.2785645127296448,0.31025904417037964,0.28032824397087097,0.25100287795066833,0.28435587882995605,0.002342863939702511,279.77203369140625,278.9776916503906,2019/03/21
271,0.6333643198013306,0.6224654316902161,0.583414614200592,0.5923964977264404,0.6258686184883118,0.19042931497097015,0.16150197386741638,0.5886486768722534,0.010834284126758575,266.8466491699219,265.1628112792969,2019/06/09
272,0.5477392077445984,0.5326230525970459,0.4895288050174713,0.49816974997520447,0.5398717522621155,0.2493058741092682,0.20886355638504028,0.5013521313667297,0.009657531976699829,263.08868408203125,262.1837158203125,2018/07/24
273,0.19817093014717102,0.17390820384025574,0.15697871148586273,0.1454239934682846,0.17712873220443726,0.12409891188144684,0.10760461539030075,0.1388958990573883,0.02480672299861908,262.4267883300781,265.6600036621094,2018/05/21
274,0.2703492343425751,0.24802185595035553,0.21110495924949646,0.19575895369052887,0.2346859574317932,0.11546254903078079,0.09715539962053299,0.2092677652835846,0.08384111523628235,258.3128967285156,259.099365234375,2014/06/27
275,0.6318409442901611,0.6210134625434875,0.5819785594940186,0.5910444259643555,0.6243647933006287,0.18986809253692627,0.16093027591705322,0.5877145528793335,0.010806020349264145,266.8401794433594,265.1812744140625,2019/06/09
276,0.5495319962501526,0.5505967140197754,0.531795084476471,0.5586990714073181,0.6210249066352844,0.5140841603279114,0.4096364676952362,0.5423644781112671,0.016386492177844048,277.07818603515625,273.8761291503906,2014/03/23
277,0.6937243938446045,0.681252121925354,0.6312451362609863,0.6504846215248108,0.6952194571495056,0.2844616174697876,0.2634909451007843,0.6385238766670227,0.09796810150146484,251.56776428222656,250.83380126953125,2020/01/19
278,0.7443369626998901,0.7337295413017273,0.6892866492271423,0.7021670937538147,0.7305689454078674,0.13605622947216034,0.1563185453414917,0.6980323791503906,0.13138031959533691,239.5237579345703,241.73989868164062,2020/05/26
279,0.7966890335083008,0.7905883193016052,0.7457148432731628,0.7707372307777405,0.8143715262413025,0.4388211965560913,0.33551448583602905,0.7599418759346008,0.016228800639510155,262.05450439453125,262.1456604003906,2015/04/11
280,0.3725237548351288,0.35150983929634094,0.32162511348724365,0.3178160488605499,0.34846770763397217,0.22105495631694794,0.2079915702342987,0.31395581364631653,0.1201268881559372,246.44105529785156,247.5599365234375,2020/03/23
281,0.4043336510658264,0.38687780499458313,0.3551994860172272,0.3485065698623657,0.3763183653354645,0.18658770620822906,0.18896187841892242,0.3556064963340759,0.20874668657779694,238.56117248535156,235.4073944091797,2020/04/24
282,0.7684786915779114,0.7610122561454773,0.7099115252494812,0.7328326106071472,0.763420820236206,0.268991619348526,0.28801894187927246,0.7232787609100342,0.2545003592967987,227.4272003173828,226.98760986328125,2015/12/23
283,0.3777395486831665,0.3563839793205261,0.3261389136314392,0.3224068582057953,0.3534812927246094,0.2241038680076599,0.21088622510433197,0.31838974356651306,0.12186150252819061,246.4326934814453,247.54653930664062,2020/03/23
