,B1_rad,B2_rad,B3_rad,B4_rad,B5_rad,B6_rad,B7_rad,B8_rad,B9_rad,B10_rad,B11_rad,DateTimeStamp
0,49.1257209777832,39.60289001464844,27.08860969543457,17.12428092956543,25.369104385375977,3.1917765140533447,0.5026136636734009,22.578147888183594,0.03856422379612923,8.806578636169434,8.108100891113281,2014/10/17
1,48.770198822021484,39.17250061035156,26.95322608947754,16.971647262573242,19.37030029296875,3.6515088081359863,0.6998772025108337,22.224573135375977,0.06991536170244217,8.429600715637207,7.760198593139648,2017/10/25
2,49.70399475097656,39.604820251464844,27.7319278717041,17.193222045898438,39.53213882446289,2.9479641914367676,0.42399099469184875,25.495038986206055,0.08131678402423859,8.973678588867188,8.269518852233887,2018/10/12
3,64.71286010742188,54.720985412597656,39.66921615600586,28.129873275756836,33.761390686035156,6.588669776916504,1.5070513486862183,38.74615478515625,0.0933515727519989,8.04827880859375,7.373863220214844,2013/04/02
4,49.087806701660156,39.34397506713867,26.75460433959961,16.822492599487305,26.29251480102539,3.6525774002075195,0.5753710865974426,22.17967987060547,0.045781925320625305,8.821951866149902,8.114784240722656,2014/10/17
5,49.4122200012207,39.5761604309082,25.344749450683594,16.807188034057617,19.053150177001953,4.183025360107422,0.7845433354377747,22.702552795410156,0.06749442219734192,8.217049598693848,7.609474182128906,2015/10/20
6,41.7656364440918,33.75729751586914,21.498140335083008,14.846750259399414,15.05933666229248,2.7920632362365723,0.5610261559486389,18.85670280456543,0.08126456290483475,7.4791364669799805,7.031976699829102,2013/12/17
7,52.3870735168457,43.843013763427734,30.708253860473633,22.3315486907959,13.561192512512207,4.132676601409912,0.9114025235176086,26.472787857055664,0.13873621821403503,7.835727691650391,7.357153415679932,2018/03/02
8,48.744808197021484,39.13349151611328,27.025146484375,17.17379379272461,21.98642921447754,3.908371686935425,0.7532744407653809,22.327526092529297,0.07234200090169907,8.440295219421387,7.769890308380127,2017/10/25
9,49.893096923828125,39.87591552734375,28.160184860229492,17.283512115478516,40.69231414794922,3.4990668296813965,0.4877939522266388,26.868642807006836,0.07891778647899628,8.974013328552246,8.270855903625488,2018/10/12
10,60.310585021972656,49.07303237915039,33.669410705566406,21.730558395385742,22.009029388427734,3.805318593978882,0.6112001538276672,29.451231002807617,0.049844834953546524,9.07728099822998,8.210031509399414,2019/09/29
11,51.19560623168945,40.61111068725586,27.61148452758789,15.834803581237793,30.70600700378418,3.4840505123138428,0.4869483411312103,23.36004638671875,0.10006166994571686,8.859382629394531,8.173604011535645,2020/10/01
12,45.46914291381836,36.6695556640625,22.927885055541992,16.667848587036133,10.896580696105957,2.8289337158203125,0.6572287678718567,19.83704948425293,0.1841772049665451,6.686748027801514,6.384965419769287,2015/02/06
13,58.744503021240234,49.485782623291016,34.78068923950195,26.22075653076172,22.893171310424805,5.6313276290893555,1.2216192483901978,33.96916961669922,0.5048397779464722,7.038994789123535,6.683740139007568,2017/03/15
14,41.94471740722656,33.845481872558594,21.85369300842285,14.306382179260254,18.262357711791992,2.835848808288574,0.4782211482524872,17.508893966674805,0.07632467895746231,7.20709753036499,6.824104309082031,2016/12/09
15,41.62300109863281,33.55811309814453,21.32683753967285,14.8157958984375,15.463445663452148,3.1328182220458984,0.6356532573699951,18.564777374267578,0.08373226225376129,7.493506908416748,7.040999889373779,2013/12/17
16,65.35903930664062,55.73143005371094,44.2121696472168,30.799467086791992,39.47077941894531,6.77974796295166,1.4163914918899536,37.88235855102539,0.06825562566518784,9.026816368103027,8.242115020751953,2017/05/02
17,52.18257141113281,43.489620208740234,30.346412658691406,22.138307571411133,14.539048194885254,4.6744065284729,1.0527805089950562,26.656936645507812,0.14360101521015167,7.83505916595459,7.358824253082275,2018/03/02
18,45.6163444519043,37.00319290161133,24.660972595214844,16.465824127197266,19.06010627746582,3.584865093231201,0.6219840049743652,20.640913009643555,0.10561510920524597,7.875497341156006,7.386562824249268,2017/11/26
19,45.693687438964844,37.08240509033203,24.551477432250977,16.52737808227539,18.50764274597168,3.0259196758270264,0.5377871990203857,20.698951721191406,0.10070791095495224,7.857784748077393,7.374197483062744,2017/11/26
20,62.00986099243164,50.54977798461914,37.78683090209961,25.374122619628906,34.58844757080078,5.435759544372559,1.1042497158050537,33.7296257019043,0.09006037563085556,8.632460594177246,7.913261890411377,2019/04/22
21,65.86402893066406,54.97788619995117,39.20610046386719,26.891965866088867,35.33041000366211,4.890972137451172,1.018235683441162,36.908199310302734,0.06599296629428864,8.462352752685547,7.820354461669922,2014/04/24
22,45.63114547729492,37.22333908081055,25.061031341552734,17.586957931518555,19.047809600830078,5.103804111480713,0.9838278889656067,23.79001808166504,0.0662844330072403,7.306354999542236,6.8896074295043945,2019/02/01
23,43.51749038696289,34.860618591308594,22.2298526763916,14.876533508300781,14.740434646606445,2.4514362812042236,0.5051481127738953,18.860109329223633,0.017123037949204445,6.700784683227539,6.373936653137207,2016/01/24
24,45.62376022338867,36.03114700317383,23.70584487915039,14.66572093963623,20.912437438964844,3.0310919284820557,0.4755500555038452,19.59986686706543,0.07038354873657227,8.078691482543945,7.525924205780029,2016/11/07
25,61.89802932739258,50.51161193847656,37.552303314208984,25.16646385192871,32.09536361694336,5.142303943634033,1.0606279373168945,33.05817413330078,0.08296537399291992,8.608063697814941,7.898891448974609,2019/04/22
26,45.38990783691406,36.56671905517578,23.073305130004883,14.9484224319458,14.511646270751953,2.7132890224456787,0.4572075605392456,19.345035552978516,0.049343835562467575,7.777911186218262,7.2588982582092285,2016/12/25
27,48.07467269897461,38.621849060058594,27.73697280883789,17.74418830871582,38.335182189941406,3.556673526763916,0.4916623830795288,26.71183204650879,0.06777296960353851,8.12280559539795,7.523919105529785,2018/10/28
28,44.07368850708008,35.00587844848633,21.76881980895996,13.815818786621094,16.697587966918945,2.3328635692596436,0.4291127622127533,18.562976837158203,0.07108417898416519,7.596774578094482,7.1292290687561035,2020/11/18
29,47.65140151977539,37.738887786865234,25.349943161010742,16.188554763793945,29.40260887145996,2.7274010181427,0.447785884141922,21.139558792114258,0.06277371197938919,8.281216621398926,7.61649227142334,2016/10/22
30,46.0609245300293,36.876304626464844,22.557146072387695,14.763989448547363,9.8038330078125,2.558936595916748,0.5042704343795776,18.991268157958984,0.03192207217216492,7.466102600097656,7.037992477416992,2015/01/21
31,42.177738189697266,34.00456619262695,22.15909194946289,14.677217483520508,18.24974822998047,2.489387035369873,0.42590856552124023,17.928571701049805,0.07139727473258972,7.208099842071533,6.826443672180176,2016/12/09
32,49.56642532348633,39.494258880615234,26.00961685180664,15.967914581298828,25.63367462158203,2.9017436504364014,0.42114201188087463,22.51646614074707,0.04336751252412796,8.383147239685059,7.769221782684326,2020/10/17
33,61.88909149169922,50.09266662597656,33.894813537597656,21.461973190307617,24.9862060546875,3.594869375228882,0.5823854804039001,29.87333106994629,0.09313580393791199,9.127076148986816,8.253478050231934,2014/08/14
34,60.34811019897461,49.1114501953125,33.386077880859375,21.471742630004883,21.29631233215332,3.57202410697937,0.5713725686073303,28.786529541015625,0.04746413603425026,9.069594383239746,8.208694458007812,2019/09/29
35,45.585391998291016,35.99184799194336,23.524799346923828,14.655532836914062,19.293235778808594,2.970688819885254,0.4578014016151428,19.47317123413086,0.07525134831666946,8.072340965270996,7.522916316986084,2016/11/07
36,66.06259155273438,55.511653900146484,39.68624496459961,26.812959671020508,36.21276092529297,6.32483434677124,1.2507559061050415,38.70769119262695,0.06599296629428864,8.480733871459961,7.831048965454102,2014/04/24
37,58.74394226074219,48.71610641479492,35.4390983581543,25.408498764038086,20.931041717529297,3.496734857559204,0.6576420068740845,31.80034637451172,0.09354225546121597,8.5542573928833,7.925293445587158,2016/03/28
38,51.170528411865234,40.546939849853516,27.09117317199707,15.63537311553955,29.418455123901367,3.3292653560638428,0.46137383580207825,22.739360809326172,0.09528157860040665,8.854703903198242,8.168925285339355,2020/10/01
39,61.240474700927734,49.810874938964844,35.307559967041016,22.288637161254883,35.7078971862793,3.6894941329956055,0.5504744648933411,29.35296058654785,0.03480999544262886,9.071599006652832,8.041594505310059,2018/08/09
40,64.41375732421875,54.18069839477539,41.85123825073242,28.516294479370117,37.284393310546875,6.15516471862793,1.1381807327270508,36.62310791015625,0.08299245685338974,8.355408668518066,7.713076114654541,2016/04/13
41,63.4828987121582,52.437015533447266,37.061195373535156,23.84593963623047,27.85753059387207,6.746785640716553,1.3537179231643677,33.14823532104492,0.2381289005279541,8.41021728515625,7.725775718688965,2015/04/27
42,68.83087158203125,59.23912811279297,45.574920654296875,32.49823760986328,38.24241256713867,6.090438365936279,1.1124835014343262,41.00412368774414,0.18720297515392303,9.409810066223145,8.414896011352539,2019/06/25
43,64.93388366699219,54.348182678222656,40.83842849731445,28.64555549621582,32.705772399902344,5.8098368644714355,1.1912592649459839,38.36245346069336,0.06434285640716553,8.09172534942627,7.481141567230225,2013/04/07
44,56.55659103393555,45.14670944213867,31.124710083007812,17.92332649230957,26.224666595458984,2.2523927688598633,0.3669382929801941,25.934463500976562,0.11068962514400482,9.015453338623047,8.190648078918457,2016/09/04
45,65.2478256225586,55.744083404541016,44.258827209472656,30.97648811340332,37.226139068603516,6.50137996673584,1.3785600662231445,37.87123107910156,0.07766322791576385,9.018461227416992,8.233426094055176,2017/05/02
46,63.694210052490234,53.907535552978516,40.90195083618164,26.598217010498047,32.62689208984375,4.463558673858643,0.8237519264221191,34.76829528808594,0.08323787897825241,8.576314926147461,7.9072465896606445,2020/04/08
47,44.9152717590332,36.19208526611328,23.628463745117188,15.410069465637207,18.93871307373047,3.9026498794555664,0.7409827709197998,20.077680587768555,0.0785018801689148,8.034242630004883,7.508545875549316,2015/11/21
48,45.41749572753906,36.60345458984375,22.940078735351562,16.667856216430664,10.2615327835083,2.669436454772949,0.634566068649292,19.569616317749023,0.16206149756908417,6.690090179443359,6.385968208312988,2015/02/06
49,53.47060012817383,45.068031311035156,32.25461959838867,25.594419479370117,16.551883697509766,3.8815011978149414,0.7571513652801514,31.885042190551758,0.03909674286842346,7.528597831726074,7.0540337562561035,2014/02/19
50,70.33939361572266,58.84044647216797,44.24658966064453,28.862218856811523,38.455997467041016,4.444375038146973,0.785978376865387,37.9141731262207,0.04853659123182297,9.15013599395752,8.296923637390137,2014/07/29
51,53.927024841308594,42.94738006591797,28.003787994384766,17.344865798950195,26.943618774414062,3.0308759212493896,0.4668551981449127,24.399736404418945,0.08331972360610962,8.989386558532715,8.206689834594727,2014/10/01
52,58.92221450805664,49.693763732910156,35.09210205078125,26.55405616760254,22.862268447875977,4.978102684020996,1.0988366603851318,33.82059097290039,0.45411425828933716,7.038660526275635,6.683740139007568,2017/03/15
53,57.73212432861328,46.13365936279297,33.88923263549805,19.76161766052246,46.41404342651367,3.585275650024414,0.4981822073459625,28.541593551635742,0.03796840459108353,9.153812408447266,8.29257869720459,2018/09/26
54,53.97712707519531,42.960201263427734,27.897388458251953,17.334888458251953,26.864309310913086,2.733544111251831,0.4223703444004059,24.2192325592041,0.08331018686294556,8.975349426269531,8.203348159790039,2014/10/01
55,44.156986236572266,35.87934875488281,23.444982528686523,15.806493759155273,18.8669490814209,4.249275207519531,0.7954942584037781,20.622514724731445,0.07398146390914917,7.258564472198486,6.864876747131348,2019/01/16
56,46.0609245300293,36.94268035888672,22.6672420501709,14.929044723510742,10.637109756469727,2.788141965866089,0.5630049705505371,19.329803466796875,0.03192207217216492,7.472117900848389,7.043339252471924,2015/01/21
57,43.262691497802734,35.222957611083984,25.171907424926758,16.19332504272461,28.6746768951416,3.8896596431732178,0.676369845867157,22.721586227416992,0.05885404348373413,7.09480619430542,6.728857040405273,2018/11/29
58,44.16530990600586,36.290889739990234,23.036418914794922,16.37775421142578,12.903581619262695,2.5354411602020264,0.5982457995414734,20.185224533081055,0.06175309047102928,6.860866069793701,6.490238666534424,2014/01/18
59,43.30141067504883,35.18330383300781,24.550819396972656,15.71066951751709,24.69677734375,3.6146066188812256,0.632648766040802,21.791818618774414,0.06376604735851288,7.0824408531188965,6.7215046882629395,2018/11/29
60,48.0364990234375,38.582763671875,27.508914947509766,17.764419555664062,37.381290435791016,3.123821258544922,0.44078078866004944,25.990156173706055,0.0653521716594696,8.113448143005371,7.518571853637695,2018/10/28
61,67.67931365966797,56.550960540771484,43.07768249511719,28.91042137145996,35.30564498901367,5.833433151245117,1.0482820272445679,35.89204025268555,0.1167452335357666,8.845011711120605,8.018869400024414,2016/05/15
62,55.516178131103516,47.33937072753906,33.83387756347656,25.199003219604492,17.488750457763672,3.4895217418670654,0.8331640362739563,30.032350540161133,1.5793697834014893,6.832125186920166,6.4183855056762695,2017/02/11
63,56.45774459838867,47.09612274169922,34.13515853881836,24.69950294494629,22.44438934326172,4.666362762451172,0.9505233764648438,28.732982635498047,0.11897455155849457,7.345790386199951,6.931716442108154,2020/03/07
64,74.15888977050781,63.231895446777344,47.97214126586914,32.55971145629883,39.14167022705078,8.543545722961426,1.7482491731643677,44.51314926147461,0.17956039309501648,8.245122909545898,7.616158485412598,2013/04/21
65,81.46202087402344,71.58776092529297,55.936092376708984,41.43000030517578,46.457279205322266,7.554549217224121,1.5265436172485352,49.41841506958008,0.07898096740245819,9.298187255859375,8.262835502624512,2015/06/14
66,45.311439514160156,36.605167388916016,23.970848083496094,15.687499046325684,22.54360008239746,3.0029098987579346,0.5354939103126526,19.76150131225586,0.09761272370815277,7.407951831817627,6.957449913024902,2014/11/18
67,61.92579650878906,50.09265899658203,33.432884216308594,21.18931770324707,23.740766525268555,3.2243943214416504,0.523945152759552,29.608850479125977,0.09080690145492554,9.11972427368164,8.25080394744873,2014/08/14
68,92.19821166992188,82.29234313964844,63.22602462768555,47.91753005981445,43.051509857177734,6.4166975021362305,1.4353795051574707,58.4377555847168,1.9923059940338135,7.451397895812988,7.1365814208984375,2019/07/27
69,71.07499694824219,60.47671890258789,45.788047790527344,31.896657943725586,37.77711486816406,4.665980815887451,0.8974812626838684,38.95542907714844,0.141244575381279,9.25173282623291,8.275200843811035,2017/07/21
70,44.07368087768555,35.05851364135742,21.793067932128906,13.785138130187988,15.633630752563477,2.2706077098846436,0.416522353887558,18.4356632232666,0.06618168950080872,7.602456092834473,7.132570743560791,2020/11/18
71,44.85093307495117,36.11302947998047,23.26423454284668,15.184833526611328,16.977798461914062,3.379161834716797,0.6354296207427979,19.660573959350586,0.08338838815689087,8.01719856262207,7.499522686004639,2015/11/21
72,60.101566314697266,48.38824462890625,34.2810173034668,21.047088623046875,33.361454010009766,3.721430778503418,0.5835081338882446,29.592342376708984,0.11249209940433502,9.29050064086914,8.369779586791992,2013/08/27
73,59.12334060668945,47.7277946472168,31.38129997253418,19.86919593811035,18.499435424804688,2.892385721206665,0.47855478525161743,27.192472457885742,0.08053217828273773,9.065584182739258,8.16591739654541,2017/09/23
74,78.52259063720703,69.23667907714844,54.43612289428711,38.657779693603516,47.0335807800293,6.1919450759887695,1.274856686592102,48.48268127441406,1.0157098770141602,8.82094955444336,8.010514259338379,2019/05/24
75,50.660037994384766,41.19776153564453,28.144102096557617,18.267990112304688,27.427406311035156,3.252699613571167,0.4844442903995514,26.28376579284668,0.060407619923353195,8.395512580871582,7.632534027099609,2013/10/30
76,56.3175163269043,47.017799377441406,34.207313537597656,24.76034927368164,23.25749397277832,5.044544696807861,1.0348070859909058,29.295446395874023,0.11654875427484512,7.363168716430664,6.939737319946289,2020/03/07
77,69.71968841552734,57.46581268310547,40.99036407470703,26.2131404876709,35.668575286865234,4.01841926574707,0.7095632553100586,36.242862701416016,0.07871121168136597,9.17286205291748,8.251472473144531,2013/07/26
78,64.07878112792969,53.105098724365234,40.386329650878906,25.895883560180664,35.86764907836914,4.534911155700684,0.6651769876480103,34.753265380859375,0.06752167642116547,9.10769271850586,8.095067024230957,2013/08/11
79,69.54553985595703,58.03190612792969,43.140289306640625,27.55298614501953,37.07181930541992,4.143538951873779,0.7333999276161194,36.68415832519531,0.09651818871498108,9.017792701721191,8.216381072998047,2016/04/29
80,63.76933670043945,53.89472961425781,40.961029052734375,27.086349487304688,29.133779525756836,3.8404414653778076,0.7276839017868042,34.554100036621094,0.09038537740707397,8.568628311157227,7.903904438018799,2020/04/08
81,45.42707443237305,36.71042251586914,24.1890869140625,15.902212142944336,21.60505485534668,2.886199951171875,0.5134661793708801,19.830915451049805,0.09761272370815277,7.4149699211120605,6.960457801818848,2014/11/18
82,80.33052062988281,69.798583984375,53.14826202392578,36.685916900634766,44.11949920654297,5.92025899887085,1.0834341049194336,46.318641662597656,0.16428177058696747,9.223660469055176,8.283889770507812,2015/06/30
83,50.53269577026367,41.02823257446289,28.08402442932129,18.33892822265625,27.762266159057617,3.5935256481170654,0.5343441367149353,26.983320236206055,0.05314665660262108,8.409214973449707,7.6408891677856445,2013/10/30
84,73.32476806640625,61.4907112121582,45.73368835449219,28.62630844116211,38.36297607421875,4.009092807769775,0.6406357288360596,37.88536834716797,0.13861186802387238,9.108695983886719,8.108769416809082,2016/07/18
85,56.37020492553711,49.406978607177734,34.00475311279297,25.993953704833984,23.04090118408203,4.007802963256836,1.0135178565979004,32.27827072143555,0.6952685117721558,6.712147235870361,6.034055233001709,2017/12/12
86,56.54423141479492,45.18463897705078,31.21792221069336,18.06088638305664,25.340696334838867,2.150698661804199,0.35484108328819275,25.934463500976562,0.11537952721118927,9.009438514709473,8.186637878417969,2016/09/04
87,57.782108306884766,46.21042251586914,33.99533462524414,19.900793075561523,48.4822998046875,3.810683012008667,0.5206178426742554,29.17160415649414,0.04034580662846565,9.161833763122559,8.296589851379395,2018/09/26
88,69.62954711914062,58.18582534790039,40.85067367553711,27.275371551513672,24.57752227783203,4.951584815979004,0.818513035774231,36.0289192199707,0.06864288449287415,9.077614784240723,8.13316535949707,2019/09/13
89,70.31723022460938,58.82284164428711,41.861305236816406,28.20406723022461,34.97607421875,5.6740593910217285,1.064526081085205,37.05702590942383,0.6358397603034973,9.2366943359375,8.287566184997559,2018/06/06
90,70.16887664794922,58.653377532958984,43.959266662597656,28.629627227783203,38.141658782958984,4.619900226593018,0.8113325238227844,37.815460205078125,0.05780819430947304,9.155817985534668,8.296923637390137,2014/07/29
91,77.45172882080078,66.06018829345703,48.46009063720703,32.2778205871582,34.024627685546875,3.648604393005371,0.6592180132865906,42.927467346191406,0.07420960813760757,9.126742362976074,8.211034774780273,2017/08/06
92,67.6314468383789,57.68167495727539,42.992469787597656,32.04669952392578,22.296001434326172,6.1384124755859375,1.6578854322433472,36.73764419555664,0.14628376066684723,7.685337543487549,7.1055006980896,2017/02/27
93,58.81951904296875,48.7289924621582,35.49852752685547,25.107770919799805,22.519866943359375,4.244278907775879,0.7851636409759521,31.90243911743164,0.08395225554704666,8.573641777038574,7.937658786773682,2016/03/28
94,43.349029541015625,34.72792053222656,22.107572555541992,14.824978828430176,13.175529479980469,2.238011360168457,0.46177586913108826,18.673389434814453,0.004792537074536085,6.695103168487549,6.37092924118042,2016/01/24
95,47.63871383666992,37.790828704833984,25.505516052246094,16.40048599243164,27.827804565429688,2.5338902473449707,0.4219028949737549,21.265178680419922,0.07725530862808228,8.274532318115234,7.612816333770752,2016/10/22
96,51.7527961730957,43.19905090332031,31.13909339904785,24.640546798706055,18.30933380126953,2.481337547302246,0.5016136169433594,28.91103172302246,0.061022426933050156,7.510885238647461,7.040666103363037,2016/02/25
97,81.48440551757812,72.0206298828125,56.24519729614258,42.080692291259766,47.8355712890625,7.042071342468262,1.5464041233062744,49.861873626708984,0.10665751993656158,9.418498992919922,8.522843360900879,2017/06/03
98,61.48478698730469,49.93596267700195,34.85799789428711,22.337236404418945,34.20891189575195,3.190969944000244,0.4776788651943207,29.39696502685547,0.037134695798158646,9.052884101867676,8.037919044494629,2018/08/09
99,49.31090545654297,39.49835205078125,24.74728775024414,16.36383819580078,18.017261505126953,3.716871976852417,0.699781596660614,21.391197204589844,0.06749442219734192,8.198668479919434,7.596774578094482,2015/10/20
100,63.645179748535156,51.78056716918945,35.00493621826172,21.984657287597656,30.444156646728516,3.693760871887207,0.525227427482605,29.607131958007812,0.07038069516420364,8.983036041259766,8.116121292114258,2018/08/25
101,65.33281707763672,53.90248489379883,39.6907958984375,26.225387573242188,29.21035385131836,6.031775951385498,1.0976788997650146,35.00444030761719,0.07743433862924576,8.968331336975098,8.155891418457031,2019/05/08
102,72.6642837524414,62.52363967895508,47.59468078613281,34.11762619018555,31.90047264099121,7.017360210418701,1.4463579654693604,43.019981384277344,0.9464173316955566,8.364432334899902,7.589087963104248,2017/04/16
103,76.55097961425781,69.42823028564453,51.15989685058594,40.34858322143555,26.489151000976562,3.525789260864258,1.0410183668136597,47.870059967041016,2.0810890197753906,5.916417121887207,5.661422252655029,2015/01/05
104,72.87956237792969,63.8144645690918,50.22469711303711,37.015281677246094,31.86261749267578,5.923976421356201,1.3008244037628174,46.57745361328125,0.07582531869411469,8.442634582519531,7.838735580444336,2018/04/19
105,77.46481323242188,66.34147644042969,48.439666748046875,32.70838165283203,28.706308364868164,5.160600662231445,0.9738931655883789,43.42422866821289,0.648148238658905,8.740073204040527,7.765880107879639,2015/08/17
106,78.09404754638672,68.9733657836914,54.239723205566406,38.365509033203125,48.9771614074707,6.4706926345825195,1.2978447675704956,48.53779983520508,1.0133799314498901,8.830975532531738,8.015527725219727,2019/05/24
107,64.24994659423828,53.405555725097656,40.340171813964844,26.032075881958008,34.13528823852539,4.067073345184326,0.60829097032547,34.78628158569336,0.07682807743549347,9.099672317504883,8.09172534942627,2013/08/11
108,59.098384857177734,47.68947219848633,30.80455780029297,19.32333755493164,16.68956184387207,2.7202000617980957,0.44291847944259644,25.889549255371094,0.0947737768292427,9.05990219116211,8.163243293762207,2017/09/23
109,85.20333099365234,77.71038055419922,60.495609283447266,47.74325180053711,35.716033935546875,4.56538200378418,1.2484936714172363,56.25986099243164,2.8802623748779297,5.701860427856445,5.557151794433594,2016/11/23
110,74.90850067138672,64.94354248046875,49.774749755859375,34.825660705566406,41.2984619140625,5.460302352905273,0.9856703877449036,42.98990249633789,0.05074755847454071,9.110366821289062,8.061312675476074,2017/07/05
111,176.84646606445312,175.54745483398438,148.03302001953125,128.6552734375,83.94549560546875,14.671740531921387,3.517906904220581,142.1581573486328,0.1454617828130722,5.918422222137451,5.7984442710876465,2019/12/18
112,80.1177749633789,70.92105865478516,55.001686096191406,40.3718376159668,50.724544525146484,7.53854513168335,1.5857492685317993,49.03777313232422,0.09504701942205429,9.437548637390137,8.533203125,2017/06/03
113,55.50974655151367,45.88432693481445,35.01988220214844,22.503557205200195,42.056427001953125,3.936735153198242,0.6136372089385986,31.201608657836914,0.10248725116252899,8.752772331237793,7.962055206298828,2013/09/28
114,49.70551300048828,39.52014923095703,25.89028549194336,15.927655220031738,25.30731773376465,2.641422748565674,0.3860929310321808,22.17481803894043,0.0457635223865509,8.384818077087402,7.769890308380127,2020/10/17
115,74.7262954711914,64.89378356933594,49.72889709472656,34.622676849365234,41.98460006713867,5.782451152801514,1.0258309841156006,43.06647491455078,0.053059257566928864,9.117718696594238,8.06498908996582,2017/07/05
116,68.77009582519531,59.139583587646484,45.59785079956055,32.565921783447266,36.9051513671875,6.436241149902344,1.1571216583251953,41.244869232177734,0.18026548624038696,9.420504570007324,8.419574737548828,2019/06/25
117,77.25641632080078,65.92269897460938,48.31034469604492,32.04470443725586,35.344242095947266,4.0728864669799805,0.7015701532363892,42.56470489501953,0.07188650965690613,9.134428977966309,8.211368560791016,2017/08/06
118,58.00235366821289,45.925628662109375,31.281965255737305,18.247907638549805,26.132749557495117,2.2191100120544434,0.30425259470939636,25.836055755615234,0.06577141582965851,8.901825904846191,7.988791465759277,2018/09/10
119,69.09712219238281,58.79819107055664,44.34946823120117,29.839014053344727,43.835147857666016,5.872192859649658,1.042181134223938,37.08230972290039,0.0861254408955574,9.185895919799805,8.227410316467285,2015/05/29
120,54.823150634765625,43.82440948486328,28.700538635253906,19.92357063293457,12.14985179901123,1.836045503616333,0.4114264249801636,24.022682189941406,0.11877118796110153,8.301602363586426,7.677316665649414,2016/03/12
121,66.850830078125,57.249237060546875,42.11091995239258,31.048755645751953,21.74762725830078,5.971044540405273,1.6150543689727783,35.79267883300781,0.141402468085289,7.695029258728027,7.112184524536133,2017/02/27
122,75.36725616455078,64.72308349609375,47.06541061401367,32.56378173828125,30.75750160217285,5.626039505004883,1.0205878019332886,42.63587951660156,0.27009013295173645,9.26343059539795,8.314970970153809,2019/08/12
123,69.8414306640625,57.66526794433594,41.12821960449219,26.31001091003418,36.08946228027344,4.148149013519287,0.719501256942749,36.297664642333984,0.07639441639184952,9.168851852416992,8.25013542175293,2013/07/26
124,44.80996322631836,37.29084014892578,24.849397659301758,17.499805450439453,18.897214889526367,4.103872776031494,0.8357254862785339,21.454547882080078,0.1603718400001526,6.602863788604736,6.252287864685059,2017/12/28
125,81.68109893798828,71.41327667236328,56.648101806640625,42.10791015625,45.574256896972656,7.522125720977783,1.5295242071151733,50.985694885253906,0.07898096740245819,9.28515338897705,8.260161399841309,2015/06/14
126,100.2494888305664,90.80763244628906,70.13456726074219,52.832603454589844,50.509395599365234,6.362536430358887,1.4403916597366333,64.20417022705078,2.8663218021392822,7.524921894073486,6.743227958679199,2018/06/22
127,76.7068099975586,69.8271713256836,50.80453109741211,40.234920501708984,26.375328063964844,3.4786112308502197,1.029887318611145,47.753108978271484,2.041546583175659,5.9261088371276855,5.66209077835083,2015/01/05
128,72.73907470703125,62.53641128540039,47.35947036743164,34.11762619018555,30.377079010009766,6.593218803405762,1.345118761062622,42.503684997558594,0.9393013119697571,8.353069305419922,7.580733299255371,2017/04/16
129,64.59568786621094,53.95056915283203,40.63748550415039,28.177106857299805,29.17928123474121,4.916382789611816,1.0317529439926147,35.452213287353516,0.0691104531288147,8.100079536437988,7.4791364669799805,2013/04/07
130,78.11447143554688,67.88031005859375,50.53339385986328,35.398773193359375,28.369503021240234,5.07528018951416,1.307674765586853,43.98759841918945,0.4484640657901764,8.185300827026367,7.128894805908203,2013/09/12
131,274.2020263671875,276.3470764160156,248.3631591796875,220.8273468017578,146.40028381347656,28.587900161743164,6.830405235290527,225.61215209960938,0.16969992220401764,8.072340965270996,7.525589942932129,2018/04/03
132,48.659000396728516,39.194358825683594,25.822763442993164,16.652278900146484,24.44274139404297,3.0408935546875,0.5309709906578064,21.868059158325195,0.06085764616727829,7.453068733215332,6.9584527015686035,2014/11/02
133,54.0980339050293,45.89290237426758,32.31441116333008,23.32376480102539,20.229825973510742,4.552424430847168,0.9278046488761902,29.126955032348633,0.695794403553009,7.343451023101807,6.846161365509033,2020/02/04
134,69.2491683959961,57.528221130371094,42.599300384521484,26.253398895263672,42.26433563232422,4.174095630645752,0.5245135426521301,36.40381622314453,0.10537639260292053,9.017792701721191,8.062983512878418,2020/08/30
135,51.80406951904297,43.238426208496094,31.151199340820312,24.681350708007812,18.37173843383789,2.132159948348999,0.4503517746925354,28.680212020874023,0.05858352780342102,7.508211612701416,7.038660526275635,2016/02/25
136,84.6624755859375,76.9262924194336,58.681785583496094,40.11925506591797,43.079776763916016,4.742755889892578,0.8257275223731995,52.88309860229492,1.2477022409439087,8.04293155670166,7.248538494110107,2020/09/15
137,43.97074508666992,36.02522277832031,22.77937126159668,16.130050659179688,13.250967025756836,2.865309238433838,0.6506593823432922,19.963279724121094,0.07409559190273285,6.857190132141113,6.488901615142822,2014/01/18
138,47.649436950683594,38.18872833251953,24.72237205505371,16.058637619018555,21.127378463745117,3.123291254043579,0.5493379235267639,21.447233200073242,0.060827456414699554,7.973752498626709,7.395252227783203,2017/11/10
139,73.01646423339844,64.00562286376953,50.34212875366211,37.33216857910156,30.26889991760254,5.5592827796936035,1.2302207946777344,46.28608322143555,0.07819361984729767,8.428933143615723,7.832719802856445,2018/04/19
140,72.29486083984375,61.13083267211914,44.561370849609375,29.066648483276367,32.43531036376953,6.246923923492432,1.127963900566101,37.338905334472656,0.08850736171007156,9.027484893798828,8.14452838897705,2014/05/26
141,89.38065338134766,79.85873413085938,63.258888244628906,45.95126724243164,42.36838912963867,5.780060768127441,1.4133999347686768,57.381649017333984,2.3893041610717773,6.866547584533691,6.36023473739624,2020/05/10
142,55.4388542175293,47.10182571411133,33.56633758544922,25.034921646118164,17.633079528808594,3.7797932624816895,0.8857640027999878,29.95110511779785,1.5622022151947021,6.846495628356934,6.423398494720459,2017/02/11
143,73.70166778564453,61.65256118774414,45.72221374511719,28.616622924804688,39.8193473815918,3.7514405250549316,0.617312490940094,38.104339599609375,0.13861186802387238,9.105353355407715,8.107098579406738,2016/07/18
144,45.618221282958984,37.27630615234375,24.89021110534668,17.41202735900879,18.32367706298828,4.906488418579102,0.9342137575149536,23.12626075744629,0.0761280357837677,7.293989658355713,6.882923603057861,2019/02/01
145,48.50990676879883,39.07682800292969,25.63022804260254,16.449325561523438,26.38030433654785,3.2447543144226074,0.5596012473106384,21.84510040283203,0.05357634648680687,7.453737258911133,6.961794853210449,2014/11/02
146,72.02572631835938,60.70490264892578,45.13856506347656,29.524160385131836,34.63339614868164,6.602459907531738,1.214346170425415,38.50670623779297,0.09316356480121613,9.041855812072754,8.151546478271484,2014/05/26
147,62.609840393066406,52.11568069458008,37.9247932434082,25.698118209838867,25.191373825073242,5.0331130027771,0.8797844052314758,33.601558685302734,0.10751958191394806,8.852029800415039,7.935319423675537,2019/08/28
148,67.42280578613281,55.573631286621094,38.38097381591797,24.365236282348633,31.709121704101562,2.9714770317077637,0.49818557500839233,34.008689880371094,0.07494725286960602,9.105019569396973,8.130157470703125,2014/08/30
149,78.7716064453125,68.75639343261719,50.825889587402344,35.813133239746094,28.30912971496582,5.078283309936523,1.3177961111068726,45.191287994384766,0.4484640657901764,8.186637878417969,7.133573532104492,2013/09/12
150,67.11556243896484,55.70071029663086,40.97863006591797,24.95072364807129,31.277748107910156,3.7258448600769043,0.5385903120040894,34.68537139892578,0.1586313545703888,8.731049537658691,7.736135959625244,2016/08/19
151,71.24525451660156,60.51408004760742,45.845428466796875,32.07085037231445,35.8405876159668,4.440642356872559,0.8806036710739136,38.75829315185547,0.14355908334255219,9.245049476623535,8.27219295501709,2017/07/21
152,70.14434814453125,59.02397155761719,42.66948318481445,27.601661682128906,36.484649658203125,3.91521954536438,0.6707261800765991,37.158447265625,0.078546904027462,9.19959831237793,8.223733901977539,2016/07/02
153,94.98739624023438,85.17338562011719,62.84065628051758,46.14545822143555,36.760040283203125,5.047268867492676,1.218062400817871,57.997982025146484,2.970580577850342,6.983851909637451,6.452139854431152,2017/09/07
154,80.13613891601562,69.57466888427734,53.01069259643555,36.45391082763672,44.90037155151367,5.7187042236328125,1.0655831098556519,46.318641662597656,0.16196978092193604,9.211628913879395,8.280213356018066,2015/06/30
155,82.66902923583984,73.73516845703125,59.374271392822266,41.82762908935547,51.89871597290039,7.21234130859375,1.3755512237548828,50.32174301147461,0.4217890799045563,8.82094955444336,7.896886348724365,2014/06/11
156,138.56008911132812,131.926513671875,107.92269134521484,86.78071594238281,67.16677856445312,15.107832908630371,4.53672456741333,104.25635528564453,0.11561915278434753,8.366771697998047,7.564357280731201,2020/06/27
157,105.96212005615234,98.22940826416016,78.63719940185547,60.03336715698242,47.447998046875,10.141565322875977,2.842824935913086,73.25869750976562,0.16430838406085968,8.631458282470703,7.742486000061035,2015/07/16
158,65.48072814941406,54.041324615478516,39.21397399902344,26.039051055908203,26.707645416259766,5.792960166931152,1.0554211139678955,34.19422149658203,0.07039754092693329,8.955965995788574,8.152215003967285,2019/05/08
159,67.016357421875,55.20786666870117,38.404232025146484,24.19862937927246,36.051395416259766,3.5532009601593018,0.5585131645202637,33.864505767822266,0.0726032480597496,9.115714073181152,8.13784408569336,2014/08/30
160,47.13370132446289,38.42708969116211,25.052013397216797,18.496868133544922,10.281742095947266,1.433886170387268,0.27219027280807495,22.54782485961914,0.05879288911819458,6.975831031799316,6.553736209869385,2016/02/09
161,63.79266357421875,51.78056716918945,34.14667510986328,21.583688735961914,28.050277709960938,3.122243642807007,0.44646838307380676,29.02052879333496,0.06804168969392776,8.9710054397583,8.110440254211426,2018/08/25
162,53.44489669799805,44.97593688964844,31.769729614257812,25.10375213623047,16.808359146118164,4.566009044647217,0.9217972755432129,32.81056213378906,0.029317542910575867,7.5536627769470215,7.059715270996094,2014/02/19
163,296.2911376953125,299.9284362792969,255.11639404296875,214.61509704589844,144.7596435546875,28.637231826782227,8.170940399169922,251.97422790527344,3.7090301513671875,5.084593296051025,4.878057479858398,2015/08/01
164,75.05350494384766,64.81746673583984,46.80613327026367,31.95452308654785,25.873165130615234,3.26063871383667,0.7390406131744385,42.14043426513672,1.9904853105545044,7.984780788421631,7.1964030265808105,2015/09/02
165,87.18164825439453,76.37662506103516,59.686561584472656,44.08930587768555,46.295616149902344,6.545049667358398,1.39370858669281,53.621273040771484,2.0965802669525146,8.436619758605957,7.576388359069824,2017/05/18
166,70.00164031982422,59.398956298828125,44.78776168823242,31.035310745239258,41.984134674072266,5.11729097366333,0.977325439453125,36.77412414550781,0.08147323876619339,9.171859741210938,8.222396850585938,2015/05/29
167,77.96045684814453,66.97380828857422,52.36162185668945,36.24382781982422,45.23466873168945,7.0162353515625,1.3298594951629639,46.48508834838867,0.3139951229095459,9.07193374633789,8.148538589477539,2014/05/10
168,138.70587158203125,132.9093475341797,109.84864044189453,88.56910705566406,68.41499328613281,14.965126991271973,4.514906406402588,105.51445770263672,0.11793114989995956,8.3617582321167,7.5633544921875,2020/06/27
169,158.64434814453125,152.89219665527344,121.92828369140625,104.30736541748047,70.94448852539062,15.953577041625977,4.79384183883667,119.9545669555664,0.20967204868793488,6.952771186828613,6.575793743133545,2019/03/21
170,74.96717834472656,64.5269775390625,46.67811584472656,31.84657859802246,26.3836669921875,3.3965563774108887,0.7551500201225281,42.15155029296875,1.9764020442962646,7.987454414367676,7.196737289428711,2015/09/02
171,69.33539581298828,57.80577087402344,42.61091613769531,26.537696838378906,40.392581939697266,3.5370543003082275,0.4541117548942566,36.67009735107422,0.09130879491567612,9.008435249328613,8.056633949279785,2020/08/30
172,100.46829223632812,90.99434661865234,70.06574249267578,52.97770690917969,49.87602996826172,6.1005024909973145,1.4002019166946411,64.40121459960938,2.836247444152832,7.522248268127441,6.7398858070373535,2018/06/22
173,63.44572448730469,52.24666213989258,36.52323913574219,23.6585750579834,26.825546264648438,5.955811500549316,1.1710988283157349,31.373647689819336,0.2381289005279541,8.38916301727295,7.713744640350342,2015/04/27
174,105.67044830322266,98.06761932373047,78.05233764648438,59.578861236572266,47.41841125488281,10.274018287658691,2.8403449058532715,72.86471557617188,0.16199557483196259,8.641818046569824,7.742486000061035,2015/07/16
175,218.4720458984375,224.78672790527344,185.34910583496094,155.26416015625,101.80249786376953,12.173194885253906,4.126232624053955,195.31959533691406,15.465697288513184,3.257187604904175,3.48878812789917,2019/10/15
176,77.52105712890625,66.48236083984375,48.67169952392578,34.339088439941406,37.18959426879883,5.729447841644287,0.9921037554740906,43.07619094848633,0.11581546068191528,8.842672348022461,7.85176944732666,2017/06/19
177,69.37612915039062,57.79589080810547,41.98674774169922,28.541160583496094,32.989501953125,4.557539463043213,0.8001248836517334,36.25531005859375,0.07248856872320175,8.867403030395508,7.933648109436035,2017/08/22
178,70.35380554199219,58.77289962768555,41.17095184326172,28.010025024414062,33.883628845214844,5.216344356536865,0.9724570512771606,36.508026123046875,0.6288785934448242,9.229007720947266,8.286563873291016,2018/06/06
179,60.15079116821289,48.476436614990234,34.53642654418945,21.02752113342285,36.961814880371094,4.043227672576904,0.6332209706306458,29.758535385131836,0.10780949890613556,9.307209968566895,8.37846851348877,2013/08/27
180,77.70882415771484,66.26948547363281,51.47011184692383,36.532169342041016,37.29563522338867,5.1872878074646,0.8972675800323486,45.26542282104492,0.04854724183678627,9.089646339416504,8.162909507751465,2016/06/16
181,44.13104248046875,35.985652923583984,23.38376235961914,15.909743309020996,17.83704376220703,4.027708053588867,0.7414720058441162,20.727678298950195,0.07645086199045181,7.244862079620361,6.856855869293213,2019/01/16
182,62.52372741699219,51.95191955566406,37.64619064331055,25.394649505615234,23.454042434692383,4.854324817657471,0.8335856795310974,32.80387878417969,0.11220218241214752,8.853032112121582,7.93598747253418,2019/08/28
183,84.77423858642578,76.9771499633789,58.7520866394043,40.178531646728516,40.89072799682617,4.583353042602539,0.810521125793457,53.039649963378906,1.2571449279785156,8.040592193603516,7.247201442718506,2020/09/15
184,69.56025695800781,57.997013092041016,42.334228515625,28.765806198120117,33.204689025878906,4.298888206481934,0.7735702395439148,37.07329559326172,0.0678163692355156,8.856708526611328,7.929637908935547,2017/08/22
185,69.61714935302734,58.18583679199219,41.01451110839844,27.423398971557617,25.93623924255371,5.2639689445495605,0.8666000962257385,36.3304557800293,0.06864288449287415,9.081291198730469,8.134502410888672,2019/09/13
186,116.37600708007812,106.23722076416016,87.72422790527344,67.85951232910156,51.423545837402344,11.755430221557617,3.4486467838287354,76.25212097167969,0.8600071668624878,6.785671234130859,6.207505226135254,2019/07/11
187,64.47618103027344,54.359657287597656,41.651004791259766,28.645429611206055,36.3969612121582,5.677509307861328,1.0408681631088257,37.016544342041016,0.09011895954608917,8.344380378723145,7.707395076751709,2016/04/13
188,69.61268615722656,59.13068389892578,41.96277618408203,28.42643165588379,26.266157150268555,3.025162696838379,0.635915219783783,36.976905822753906,1.010493516921997,7.93097448348999,7.241185665130615,2015/09/18
189,106.2275390625,99.52526092529297,72.21776580810547,56.57637405395508,45.67509078979492,8.843299865722656,1.9973376989364624,70.2264175415039,0.0903177410364151,8.998744010925293,8.116121292114258,2013/06/08
190,78.13286590576172,67.04947662353516,52.396488189697266,36.61616134643555,43.028106689453125,6.615112781524658,1.270050048828125,47.837955474853516,0.3022781312465668,9.058231353759766,8.140183448791504,2014/05/10
191,70.04718017578125,58.874725341796875,42.65802001953125,27.785287857055664,36.15937042236328,3.7696104049682617,0.6563497185707092,37.07094192504883,0.07161270827054977,9.191911697387695,8.221728324890137,2016/07/02
192,47.521366119384766,38.05759048461914,24.649856567382812,16.119770050048828,20.01114273071289,2.6533989906311035,0.47459182143211365,21.193517684936523,0.06813875585794449,7.966399669647217,7.391241550445557,2017/11/10
193,67.39759826660156,56.12763977050781,41.348934173583984,25.184911727905273,29.617727279663086,3.3130149841308594,0.4955447316169739,35.08292007446289,0.15628811717033386,8.726370811462402,7.735801696777344,2016/08/19
194,71.10086059570312,59.052757263183594,42.13629150390625,28.84466552734375,28.168954849243164,3.4908406734466553,0.7477066516876221,36.84664535522461,1.2438721656799316,8.098408699035645,7.338438034057617,2013/07/10
195,79.6339340209961,70.57300567626953,55.746700286865234,39.07596206665039,47.06755447387695,7.1243720054626465,1.4530742168426514,49.669212341308594,0.37546730041503906,8.50045108795166,7.496849060058594,2013/05/23
196,69.58265686035156,58.09526062011719,43.373844146728516,27.602224349975586,38.704856872558594,4.644071102142334,0.8121970891952515,36.86245346069336,0.09416308999061584,9.032498359680176,8.22440242767334,2016/04/29
197,56.396114349365234,49.300865173339844,34.15142822265625,25.983646392822266,23.570722579956055,4.3215227127075195,1.0663878917694092,31.998323440551758,0.7051289081573486,6.725515365600586,6.041408061981201,2017/12/12
198,54.924827575683594,43.94153594970703,28.84445571899414,20.014589309692383,12.65738296508789,2.080778121948242,0.4409986138343811,24.434738159179688,0.12117969989776611,8.311294555664062,7.6823296546936035,2016/03/12
199,175.48123168945312,170.7231903076172,143.01943969726562,120.51020812988281,79.1057357788086,19.91167640686035,5.629551887512207,125.37427520751953,0.15204070508480072,7.063725471496582,6.662685871124268,2018/03/18
200,44.142059326171875,36.372764587402344,24.191791534423828,16.193208694458008,14.506957054138184,3.2460525035858154,0.6053313612937927,20.757205963134766,0.009746115654706955,8.019537925720215,7.453068733215332,2020/01/03
201,113.56977844238281,105.15644836425781,83.94124603271484,64.94767761230469,49.601470947265625,7.17480993270874,1.9446005821228027,77.54995727539062,5.266364097595215,6.113929271697998,5.754664421081543,2018/05/05
202,87.07122039794922,76.15045928955078,59.30447769165039,43.72808074951172,46.83928298950195,7.250804424285889,1.5053848028182983,53.322940826416016,2.0849058628082275,8.4382905960083,7.57973051071167,2017/05/18
203,158.91650390625,149.6680908203125,120.6917495727539,97.42347717285156,71.99626922607422,8.144414901733398,2.4364068508148193,111.85662841796875,7.856317520141602,5.090942859649658,4.741703987121582,2015/05/13
204,45.35096740722656,36.56671905517578,23.03656005859375,14.88644790649414,15.314350128173828,2.8579039573669434,0.4821081757545471,19.321657180786133,0.0542842373251915,7.783592700958252,7.262574672698975,2016/12/25
205,77.63583374023438,66.16983032226562,50.80432891845703,35.83521270751953,37.78137969970703,5.333134174346924,0.9057087898254395,44.69575119018555,0.04391704127192497,9.098001480102539,8.167588233947754,2016/06/16
206,75.3427963256836,64.67301177978516,46.76543426513672,32.485958099365234,31.54340171813965,6.015437602996826,1.0889590978622437,42.327571868896484,0.27009013295173645,9.272453308105469,8.318646430969238,2019/08/12
207,79.1785659790039,70.12297821044922,52.550785064697266,40.771453857421875,29.41794776916504,5.473385810852051,1.337985873222351,49.941680908203125,3.1075117588043213,6.854850769042969,6.312778472900391,2015/03/26
208,228.10165405273438,224.20361328125,182.715576171875,153.6389923095703,103.84042358398438,17.790786743164062,5.462649345397949,181.0142822265625,5.831581115722656,6.107245445251465,5.237322807312012,2020/07/13
209,45.7992057800293,37.838321685791016,25.715049743652344,18.754945755004883,13.51754093170166,2.436000108718872,0.48308563232421875,22.240015029907227,0.08894211798906326,7.552994251251221,7.093803882598877,2018/01/13
210,44.142059326171875,36.39936447143555,24.167282104492188,16.18287467956543,14.804181098937988,3.255488872528076,0.6042712330818176,20.920936584472656,0.007274615578353405,8.012519836425781,7.451063632965088,2020/01/03
211,47.0692138671875,38.400672912597656,25.003324508666992,18.425020217895508,10.388528823852539,1.4182661771774292,0.27376970648765564,22.361980438232422,0.05633819103240967,6.977168083190918,6.555407524108887,2016/02/09
212,350.5903625488281,357.6737060546875,319.99652099609375,276.54339599609375,187.35682678222656,37.00682067871094,8.227348327636719,302.8079528808594,0.15313175320625305,8.047945022583008,7.444045066833496,2020/06/11
213,77.53829193115234,66.39163970947266,48.55524826049805,32.74736022949219,27.972686767578125,4.915846347808838,0.9338979721069336,43.65585708618164,0.6411552429199219,8.72971248626709,7.761869430541992,2015/08/17
214,100.31531524658203,91.47742462158203,71.796142578125,53.48141098022461,46.69264602661133,6.6724748611450195,1.6055095195770264,65.31822967529297,4.123495101928711,6.970149517059326,6.244601249694824,2014/07/13
215,254.6879119873047,253.21551513671875,212.43092346191406,181.08970642089844,123.35076141357422,22.558338165283203,6.703880310058594,206.7517547607422,1.2765008211135864,6.347535133361816,5.581882953643799,2013/06/24
216,308.81463623046875,311.0525817871094,269.0946350097656,232.96705627441406,148.45916748046875,19.364912033081055,4.3424177169799805,259.7499084472656,0.6437809467315674,5.809807300567627,5.61964750289917,2017/03/31
217,228.3568115234375,224.45245361328125,183.03659057617188,153.97738647460938,103.91734313964844,17.848173141479492,5.481990814208984,181.04710388183594,5.910199165344238,6.100561141967773,5.238659381866455,2020/07/13
218,176.83349609375,175.57400512695312,147.9351043701172,128.4798583984375,83.838134765625,14.64975357055664,3.515789747238159,142.1114501953125,0.14052578806877136,5.920093059539795,5.799112796783447,2019/12/18
219,117.40663146972656,111.02427673339844,87.66958618164062,73.90511322021484,50.047401428222656,11.253673553466797,3.0157015323638916,84.86735534667969,0.11036168783903122,7.557339191436768,7.108508586883545,2018/02/14
220,85.12605285644531,77.64444732666016,60.41053771972656,47.56904602050781,36.606597900390625,4.655844688415527,1.2647900581359863,55.87712860107422,2.8974201679229736,5.711886405944824,5.564504623413086,2016/11/23
221,308.7140197753906,310.9366455078125,269.0352783203125,232.89698791503906,148.42855834960938,19.36338996887207,4.344470977783203,259.4101257324219,0.641387403011322,5.809473037719727,5.618978977203369,2017/03/31
222,70.79715728759766,58.841278076171875,42.03312301635742,28.583669662475586,29.8311824798584,3.596759796142578,0.7561359405517578,36.72630310058594,1.2346246242523193,8.108100891113281,7.343785285949707,2013/07/10
223,103.68327331542969,99.51758575439453,75.44989776611328,62.590755462646484,44.80924606323242,5.766995906829834,1.680799126625061,74.93144226074219,2.898038625717163,5.57720422744751,5.320872783660889,2019/12/02
224,161.60691833496094,158.1329803466797,143.19512939453125,120.03152465820312,79.33124542236328,18.50522232055664,5.063521385192871,127.1448974609375,0.11869043111801147,7.400933265686035,6.821430683135986,2019/10/31
225,177.42005920410156,173.2405548095703,143.2346954345703,119.90522766113281,78.2727279663086,19.997623443603516,5.6445512771606445,127.93057250976562,0.12793424725532532,7.065731048583984,6.661348819732666,2018/03/18
226,116.59466552734375,106.34917449951172,88.37761688232422,68.2655029296875,51.772560119628906,11.965797424316406,3.5066611766815186,78.6042251586914,0.8969975709915161,6.766955852508545,6.188121795654297,2019/07/11
227,54.0850944519043,45.86643600463867,32.265625,23.22093391418457,20.733217239379883,5.053192615509033,1.0158888101577759,29.115318298339844,0.6834983825683594,7.357153415679932,6.853513717651367,2020/02/04
228,58.10142517089844,45.989036560058594,31.667577743530273,18.553356170654297,30.715320587158203,2.487520456314087,0.33558863401412964,26.739299774169922,0.05871240794658661,8.905167579650879,7.98945951461792,2018/09/10
229,92.35646057128906,82.6662826538086,63.8463134765625,48.45027160644531,43.4130859375,6.453549861907959,1.4383606910705566,59.939537048339844,2.0085222721099854,7.401601791381836,7.124884128570557,2019/07/27
230,75.21620178222656,62.962894439697266,44.1298942565918,29.73983383178711,24.243181228637695,4.738654136657715,1.0137968063354492,40.81857681274414,0.9399635791778564,7.873492240905762,7.214449882507324,2019/04/06
231,67.9004135131836,56.90315246582031,42.9617919921875,28.969064712524414,34.37860107421875,5.358952522277832,0.9685689806938171,36.002662658691406,0.1190827339887619,8.834651947021484,8.012185096740723,2016/05/15
232,45.591552734375,37.54594039916992,25.05376434326172,18.372846603393555,16.095895767211914,2.960914373397827,0.6033298373222351,21.047929763793945,0.07659312337636948,7.550989151000977,7.0944719314575195,2018/01/13
233,75.05633544921875,64.0376205444336,46.61530685424805,31.973417282104492,41.143287658691406,4.480865955352783,0.7620190382003784,38.889644622802734,0.07376036047935486,8.848688125610352,7.9714131355285645,2018/07/08
234,267.472412109375,274.4402160644531,244.28390502929688,216.4866485595703,147.2246856689453,30.314393997192383,8.141534805297852,237.41903686523438,1.5128345489501953,6.647646427154541,6.058452129364014,2014/03/23
235,55.709861755371094,46.1148796081543,35.185115814208984,22.533403396606445,37.4822998046875,3.5141239166259766,0.5533946752548218,31.48320960998535,0.09058524668216705,8.733388900756836,7.951694965362549,2013/09/28
236,78.2385025024414,67.50342559814453,49.46340560913086,35.06476593017578,39.670494079589844,5.82368803024292,1.0114598274230957,44.28068923950195,0.11350136250257492,8.841001510620117,7.85176944732666,2017/06/19
237,103.17948913574219,99.06787109375,75.27925109863281,62.457130432128906,43.58270263671875,5.657501697540283,1.653373122215271,74.43125915527344,2.898038625717163,5.574864387512207,5.323546409606934,2019/12/02
238,75.16565704345703,64.21176147460938,46.82162094116211,32.1763801574707,40.80614471435547,4.30728816986084,0.7416916489601135,39.19593811035156,0.07376036047935486,8.844009399414062,7.970744609832764,2018/07/08
239,271.8409118652344,275.4468688964844,250.4133758544922,221.1571044921875,145.0854949951172,28.654813766479492,6.8734636306762695,217.0286102294922,0.1673099249601364,8.073009490966797,7.525589942932129,2018/04/03
240,80.06542205810547,71.07938385009766,44.96377182006836,34.5119743347168,23.35873794555664,4.645251750946045,1.1696969270706177,46.06844711303711,0.7584565281867981,7.3725266456604,6.834798812866211,2015/03/10
241,45.134559631347656,37.62321472167969,25.0086727142334,17.789072036743164,18.85296058654785,3.6400444507598877,0.7387464642524719,20.61272430419922,0.15543024241924286,6.612555503845215,6.2539591789245605,2017/12/28
242,79.68347930908203,71.0272216796875,44.91571044921875,34.30936050415039,23.036378860473633,4.602084159851074,1.1255284547805786,45.97671890258789,0.7366513609886169,7.380547046661377,6.8371381759643555,2015/03/10
243,82.07364654541016,70.47866821289062,56.07470703125,39.45021057128906,49.94428253173828,6.2690558433532715,1.30268394947052,46.41572189331055,0.5981549024581909,8.74642276763916,7.5720438957214355,2020/07/29
244,83.21707916259766,74.38371276855469,60.04087448120117,42.28313064575195,51.465782165527344,6.915886402130127,1.3407528400421143,51.17724609375,0.43337807059288025,8.806244850158691,7.885857582092285,2014/06/11
245,129.1678009033203,125.43949890136719,104.48871612548828,89.57105255126953,59.31838607788086,10.316776275634766,2.378830671310425,99.138671875,1.632922887802124,5.410438060760498,5.209249973297119,2017/01/10
246,87.28742218017578,81.81737518310547,66.19940948486328,53.28488540649414,37.16091537475586,8.493400573730469,2.575654983520508,54.55213928222656,0.8293355703353882,7.059046745300293,6.426406383514404,2020/12/04
247,100.4246826171875,91.51475524902344,71.75027465820312,53.50075149536133,46.7044792175293,6.572405815124512,1.5960856676101685,65.70123291015625,4.109619617462158,6.971820831298828,6.244601249694824,2014/07/13
248,113.43399810791016,105.13116455078125,84.12759399414062,64.9378433227539,50.34672546386719,7.4109625816345215,1.9849029779434204,77.69444274902344,5.280457496643066,6.121950149536133,5.756335258483887,2018/05/05
249,79.14070129394531,70.07128143310547,52.45552444458008,40.67103958129883,29.706710815429688,5.652161598205566,1.3760966062545776,49.83940505981445,3.1075117588043213,6.858192443847656,6.314783573150635,2015/03/26
250,129.55728149414062,125.8383560180664,104.78274536132812,89.91197204589844,59.54597473144531,10.32620906829834,2.384659767150879,99.64142608642578,1.637864351272583,5.411106586456299,5.208915710449219,2017/01/10
251,156.62413024902344,155.94442749023438,130.3968505859375,114.96367645263672,79.02389526367188,17.454660415649414,4.849606990814209,127.71281433105469,0.7896273732185364,6.587490558624268,6.1189422607421875,2014/12/04
252,87.05473327636719,81.61880493164062,66.11400604248047,53.39804458618164,37.21757507324219,8.430776596069336,2.5566580295562744,54.57542419433594,0.8342563509941101,7.046347141265869,6.414709091186523,2020/12/04
253,549.8751220703125,545.074951171875,507.9923400878906,436.3934631347656,272.6148376464844,12.987561225891113,5.326283931732178,447.4490051269531,43.55284881591797,3.1088027954101562,3.2642056941986084,2016/05/31
254,122.30595397949219,110.94586944580078,85.59319305419922,64.85497283935547,46.279232025146484,6.889848232269287,1.7053169012069702,78.17314910888672,2.1287858486175537,7.233499050140381,6.442447662353516,2020/08/14
255,95.17290496826172,85.26203155517578,62.875667572021484,46.09624099731445,36.42881393432617,4.988858699798584,1.2089760303497314,57.80863571166992,2.949397325515747,6.987527847290039,6.45013427734375,2017/09/07
256,163.30108642578125,159.88088989257812,144.46925354003906,121.09581756591797,80.20581817626953,18.622451782226562,5.10251522064209,128.07406616210938,0.11870092153549194,7.400599479675293,6.821096420288086,2019/10/31
257,89.38066101074219,79.7705078125,63.061424255371094,45.89250183105469,40.60005187988281,5.499790668487549,1.3681784868240356,57.3594856262207,2.398674964904785,6.858860969543457,6.356224060058594,2020/05/10
258,96.55152130126953,89.95555114746094,71.60389709472656,57.26018524169922,40.221336364746094,4.851191997528076,1.4365785121917725,66.93655395507812,2.0959320068359375,5.242669582366943,5.147422790527344,2013/11/15
259,295.42572021484375,298.7801818847656,254.97836303710938,214.4114227294922,144.4154052734375,28.674131393432617,8.191337585449219,250.8217315673828,3.7252674102783203,5.085595607757568,4.876720905303955,2015/08/01
260,221.8360137939453,217.3436737060547,183.98104858398438,152.2257080078125,100.50624084472656,12.395755767822266,4.232048988342285,175.6840057373047,21.79640769958496,3.0613462924957275,2.9437079429626465,2020/04/24
261,151.8639678955078,142.8614501953125,111.88816833496094,87.5312271118164,64.1021957397461,7.775840759277344,2.214754104614258,106.37830352783203,8.913670539855957,4.669850826263428,4.705276012420654,2014/06/27
262,69.66241455078125,59.130672454833984,41.986236572265625,28.46600914001465,26.81108856201172,3.005587339401245,0.6389603614807129,37.0888786315918,1.0152263641357422,7.929637908935547,7.240517616271973,2015/09/18
263,111.88360595703125,100.49794006347656,83.42862701416016,65.34187316894531,49.10456085205078,8.323423385620117,2.450705051422119,68.8040771484375,2.5794243812561035,5.076572418212891,5.311514854431152,2018/05/21
264,82.46344757080078,70.92774200439453,56.15517044067383,39.67314910888672,48.935909271240234,6.174649238586426,1.2907512187957764,47.490779876708984,0.5981549024581909,8.74575424194336,7.572378158569336,2020/07/29
265,159.29774475097656,150.4740447998047,120.1579818725586,97.1201400756836,71.72681427001953,8.078890800476074,2.420846700668335,112.35496520996094,7.800159931182861,5.1013031005859375,4.753735065460205,2015/05/13
266,218.42152404785156,224.90309143066406,186.48101806640625,156.77134704589844,102.4173583984375,12.21142292022705,4.146332740783691,194.1483612060547,15.638712882995605,3.2505035400390625,3.484109401702881,2019/10/15
267,122.22029113769531,110.85814666748047,85.4315185546875,64.70889282226562,46.10640335083008,6.86612606048584,1.7038183212280273,78.2061996459961,2.1264569759368896,7.236841201782227,6.445455551147461,2020/08/14
268,215.5088653564453,218.1294403076172,186.39764404296875,163.20431518554688,106.41693878173828,9.321612358093262,2.401477575302124,181.6778564453125,0.4349554777145386,5.658080577850342,5.5127034187316895,2013/12/01
269,96.53868103027344,90.00811767578125,71.61599731445312,57.32145690917969,40.0900764465332,4.795233726501465,1.4318633079528809,66.95965576171875,2.093489170074463,5.245343208312988,5.1370625495910645,2013/11/15
270,160.63116455078125,155.31552124023438,124.91352081298828,106.56304168701172,72.6267318725586,16.318288803100586,4.925037860870361,123.099853515625,0.21447910368442535,6.956447601318359,6.577798843383789,2019/03/21
271,358.2707214355469,360.5751953125,311.4076843261719,266.63873291015625,172.38931274414062,13.043830871582031,3.728745460510254,299.8538513183594,1.166416049003601,5.524065971374512,5.2416672706604,2019/06/09
272,301.61102294921875,300.323974609375,254.33555603027344,218.26495361328125,144.74917602539062,16.623842239379883,4.694018363952637,248.5927276611328,1.01176118850708,5.144414901733398,4.975978374481201,2018/07/24
273,111.61396789550781,100.3096694946289,83.42861938476562,65.17607879638672,48.57936477661133,8.464423179626465,2.4737164974212646,70.44857788085938,2.6587259769439697,5.0792460441589355,5.2867841720581055,2018/05/21
274,151.9733123779297,142.77435302734375,111.97988891601562,87.56023406982422,64.23827362060547,7.859704971313477,2.229135513305664,105.92972564697266,8.969162940979004,4.685558319091797,4.709286689758301,2014/06/27
275,358.34381103515625,360.675048828125,311.45367431640625,266.7259826660156,172.42491149902344,13.039403915405273,3.7252743244171143,300.1610412597656,1.166416049003601,5.523397922515869,5.243338108062744,2019/06/09
276,267.40924072265625,274.37548828125,244.20040893554688,216.34585571289062,147.156982421875,30.29602813720703,8.13637638092041,237.6693878173828,1.5176445245742798,6.641631126403809,6.064467430114746,2014/03/23
277,228.7062225341797,229.97711181640625,196.360595703125,170.63739013671875,111.60195922851562,11.356130599975586,3.5454492568969727,189.55242919921875,6.146335601806641,4.081993103027344,4.036541938781738,2020/01/19
278,420.5531921386719,424.487548828125,367.4773254394531,315.6673278808594,200.98634338378906,9.308853149414062,3.6047234535217285,355.14691162109375,14.12542724609375,3.130859851837158,3.3664708137512207,2020/05/26
279,417.9883728027344,424.739013671875,369.1832580566406,321.7608642578125,208.04861450195312,27.880857467651367,7.184805393218994,359.03729248046875,1.6205215454101562,5.042818069458008,4.9726362228393555,2015/04/11
280,184.10482788085938,177.88412475585938,149.9767608642578,124.9804916381836,83.85362243652344,13.229135513305664,4.195318698883057,139.72158813476562,11.297134399414062,3.6575591564178467,3.7868945598602295,2020/03/23
281,221.86083984375,217.3817901611328,183.92251586914062,152.16647338867188,100.54853820800781,12.398759841918945,4.232048988342285,175.717529296875,21.798768997192383,3.061680555343628,2.9427053928375244,2020/04/24
282,248.4517059326172,251.93060302734375,216.56991577148438,188.53164672851562,120.18247985839844,10.531441688537598,3.8005776405334473,210.5769500732422,15.658761024475098,2.332456111907959,2.432716131210327,2015/12/23
283,184.14271545410156,177.8970489501953,150.0125274658203,125.06090545654297,83.90282440185547,13.229135513305664,4.195834636688232,139.76708984375,11.304347038269043,3.656890630722046,3.7858920097351074,2020/03/23
